title,address,access,age,floor,fee,management_fee,deposit,gratuity,madori,menseki,years_built,floors,walking_time_from_jr_akabane
コートM＆A Part6,東京都足立区新田１,"
東京メトロ南北線/王子神谷駅 歩15分
ＪＲ埼京線/赤羽駅 バス9分 (バス停)環七新田 歩1分
ＪＲ京浜東北線/王子駅 バス20分 (バス停)環七新田 歩1分
","
築45年
3階建
",3,5.0,3000.0,,,1K,17.832,45.0,3,
コートM＆A Part6,東京都足立区新田１,"
東京メトロ南北線/王子神谷駅 歩15分
ＪＲ埼京線/赤羽駅 バス9分 (バス停)環七新田 歩1分
ＪＲ京浜東北線/王子駅 バス20分 (バス停)環七新田 歩1分
","
築45年
3階建
",2,3.5,3000.0,,,ワンルーム,9.882,45.0,3,
ハイツみのり,東京都北区赤羽西２,"
ＪＲ埼京線/赤羽駅 歩10分
ＪＲ京浜東北線/東十条駅 歩15分
ＪＲ埼京線/十条駅 歩19分
","
築53年
2階建
",2,5.0,,5.0,,1K,21.872,53.0,2,10.0
リーブル赤羽,東京都北区岩淵町,"
埼玉高速鉄道/赤羽岩淵駅 歩7分
東京メトロ南北線/志茂駅 歩13分
ＪＲ埼京線/赤羽駅 歩14分
","
築7年
2階建
",1,4.98,3000.0,,,ワンルーム,11.372,7.0,2,14.0
東京メトロ南北線 赤羽岩淵駅 2階建 築7年,東京都北区岩淵町,"
東京メトロ南北線/赤羽岩淵駅 歩7分
ＪＲ京浜東北線/赤羽駅 歩10分
東京メトロ南北線/志茂駅 歩14分
","
築7年
2階建
",1,4.98,3000.0,,,ワンルーム,11.372,7.0,2,10.0
BEテラス赤羽,東京都北区赤羽３,"
東京メトロ南北線/赤羽岩淵駅 歩4分
ＪＲ京浜東北線/赤羽駅 歩12分
ＪＲ埼京線/北赤羽駅 歩18分
","
築7年
3階建
",1,4.7,8000.0,4.7,,1K,16.512,7.0,3,12.0
BEテラス赤羽,東京都北区赤羽３,"
東京メトロ南北線/赤羽岩淵駅 歩4分
ＪＲ京浜東北線/赤羽駅 歩12分
ＪＲ埼京線/北赤羽駅 歩18分
","
築7年
3階建
",1,5.1,8000.0,5.1,,1K,16.512,7.0,3,12.0
BEテラス赤羽,東京都北区赤羽３,"
東京メトロ南北線/赤羽岩淵駅 歩4分
ＪＲ京浜東北線/赤羽駅 歩12分
ＪＲ埼京線/北赤羽駅 歩18分
","
築7年
3階建
",1,5.7,8000.0,5.7,,1K,16.512,7.0,3,12.0
東京メトロ南北線 赤羽岩淵駅 3階建 築7年,東京都北区赤羽３,"
東京メトロ南北線/赤羽岩淵駅 歩4分
ＪＲ京浜東北線/赤羽駅 歩12分
ＪＲ埼京線/北赤羽駅 歩19分
","
築7年
3階建
",1,4.7,8000.0,4.7,,1K,16.512,7.0,3,12.0
東京メトロ南北線 赤羽岩淵駅 3階建 築7年,東京都北区赤羽３,"
東京メトロ南北線/赤羽岩淵駅 歩4分
ＪＲ京浜東北線/赤羽駅 歩12分
ＪＲ埼京線/北赤羽駅 歩19分
","
築7年
3階建
",1,5.7,8000.0,5.7,,1K,16.512,7.0,3,12.0
アーネスト峰,東京都北区志茂１,"
ＪＲ京浜東北線/赤羽駅 歩9分
東京メトロ南北線/志茂駅 歩8分
東京メトロ南北線/赤羽岩淵駅 歩15分
","
築26年
2階建
",2,6.5,1000.0,6.5,,ワンルーム,20.52,26.0,2,9.0
アーネスト峰,東京都北区志茂１,"
ＪＲ京浜東北線/赤羽駅 歩9分
東京メトロ南北線/志茂駅 歩8分
東京メトロ南北線/赤羽岩淵駅 歩15分
","
築26年
2階建
",1,6.1,,6.1,,1K,19.82,26.0,2,9.0
アーネスト峰,東京都北区志茂１,"
ＪＲ京浜東北線/赤羽駅 歩9分
東京メトロ南北線/志茂駅 歩8分
東京メトロ南北線/赤羽岩淵駅 歩15分
","
築26年
2階建
",2,6.2,,6.2,,ワンルーム,202.0,26.0,2,9.0
アーネスト峰,東京都北区志茂１,"
ＪＲ京浜東北線/赤羽駅 歩9分
東京メトロ南北線/志茂駅 歩8分
東京メトロ南北線/赤羽岩淵駅 歩15分
","
築26年
2階建
",2,6.5,2000.0,6.5,,1K,19.82,26.0,2,9.0
東京メトロ南北線 志茂駅 3階建 築33年,東京都北区志茂３,"
東京メトロ南北線/志茂駅 歩4分
埼玉高速鉄道/赤羽岩淵駅 歩17分
ＪＲ埼京線/赤羽駅 歩18分
","
築33年
3階建
",1,6.0,3000.0,,,1K,212.0,33.0,3,18.0
東京メトロ南北線 志茂駅 3階建 築33年,東京都北区志茂３,"
東京メトロ南北線/志茂駅 歩4分
埼玉高速鉄道/赤羽岩淵駅 歩17分
ＪＲ埼京線/赤羽駅 歩18分
","
築33年
3階建
",1,6.0,3000.0,,,1K,21.452,33.0,3,18.0
レオパレスＴ＆Ｙ,埼玉県川口市芝宮根町,"
ＪＲ京浜東北線/蕨駅 歩21分
ＪＲ京浜東北線/蕨駅 バス5分 (バス停)産業道路 歩2分
ＪＲ埼京線/赤羽駅 車27分(8.2km)
","
築15年
3階建
",2,5.6,7000.0,,,1K,19.872,15.0,3,
レオパレスＴ＆Ｙ,埼玉県川口市芝宮根町,"
ＪＲ京浜東北線/蕨駅 歩21分
ＪＲ京浜東北線/蕨駅 バス5分 (バス停)産業道路 歩2分
ＪＲ埼京線/赤羽駅 車27分(8.2km)
","
築15年
3階建
",2,5.7,7000.0,,5.7,1K,19.872,15.0,3,
レオパレスＴ＆Ｙ,埼玉県川口市芝宮根町,"
ＪＲ京浜東北線/蕨駅 歩21分
ＪＲ京浜東北線/蕨駅 バス5分 (バス停)産業道路 歩2分
ＪＲ埼京線/赤羽駅 車27分(8.2km)
","
築15年
3階建
",3,5.6,7000.0,,,1K,19.872,15.0,3,
レオパレスＴ＆Ｙ,埼玉県川口市芝宮根町,"
ＪＲ京浜東北線/蕨駅 歩21分
ＪＲ京浜東北線/蕨駅 バス5分 (バス停)産業道路 歩2分
ＪＲ埼京線/赤羽駅 車27分(8.2km)
","
築15年
3階建
",3,5.7,7000.0,,,1K,19.872,15.0,3,
パラッツオ・モデルノ,東京都板橋区小豆沢２,"
都営三田線/志村坂上駅 歩6分
ＪＲ京浜東北線/赤羽駅 バス12分 (バス停)小豆沢二丁目 歩3分
ＪＲ埼京線/北赤羽駅 歩21分
","
築19年
4階建
",1,6.3,3000.0,,,ワンルーム,17.462,19.0,4,
パラッツオ・モデルノ,東京都板橋区小豆沢２,"
都営三田線/志村坂上駅 歩6分
ＪＲ京浜東北線/赤羽駅 バス12分 (バス停)小豆沢二丁目 歩3分
ＪＲ埼京線/北赤羽駅 歩21分
","
築19年
4階建
",3,6.5,3000.0,,,ワンルーム,17.922,19.0,4,
パラッツオ・モデルノ,東京都板橋区小豆沢２,"
都営三田線/志村坂上駅 歩6分
ＪＲ京浜東北線/赤羽駅 バス12分 (バス停)小豆沢二丁目 歩3分
ＪＲ埼京線/北赤羽駅 歩21分
","
築19年
4階建
",3,8.7,3000.0,,,1K,33.112,19.0,4,
ハーモニーテラス志茂XVI,東京都北区志茂４,"
東京メトロ南北線/志茂駅 歩8分
東京メトロ南北線/赤羽岩淵駅 歩14分
ＪＲ京浜東北線/赤羽駅 歩17分
","
築3年
2階建
",2,6.3,3500.0,,,ワンルーム,10.962,3.0,2,17.0
ハーモニーテラス志茂XVI,東京都北区志茂４,"
東京メトロ南北線/志茂駅 歩8分
東京メトロ南北線/赤羽岩淵駅 歩14分
ＪＲ京浜東北線/赤羽駅 歩17分
","
築3年
2階建
",2,6.35,3500.0,,,ワンルーム,10.562,3.0,2,17.0
ハーモニーテラス志茂XVI,東京都北区志茂４,"
東京メトロ南北線/志茂駅 歩8分
東京メトロ南北線/赤羽岩淵駅 歩14分
ＪＲ京浜東北線/赤羽駅 歩17分
","
築3年
2階建
",2,6.4,3500.0,,,ワンルーム,10.562,3.0,2,17.0
ハーモニーテラス志茂XVI,東京都北区志茂４,"
東京メトロ南北線/志茂駅 歩8分
東京メトロ南北線/赤羽岩淵駅 歩14分
ＪＲ京浜東北線/赤羽駅 歩17分
","
築3年
2階建
",2,6.35,3500.0,,,ワンルーム,10.962,3.0,2,17.0
ハーモニーテラス志茂XVI,東京都北区志茂４,"
東京メトロ南北線/志茂駅 歩8分
東京メトロ南北線/赤羽岩淵駅 歩14分
ＪＲ京浜東北線/赤羽駅 歩17分
","
築3年
2階建
",2,6.4,3500.0,,,ワンルーム,10.562,3.0,2,17.0
ハーモニーテラス志茂XVI,東京都北区志茂４,"
東京メトロ南北線/志茂駅 歩8分
東京メトロ南北線/赤羽岩淵駅 歩14分
ＪＲ京浜東北線/赤羽駅 歩17分
","
築3年
2階建
",2,6.45,3500.0,,,ワンルーム,10.562,3.0,2,17.0
ネオ・クリスタルビル・ネジメ,東京都北区神谷３,"
東京メトロ南北線/志茂駅 歩7分
ＪＲ埼京線/赤羽駅 歩18分
東京メトロ南北線/王子神谷駅 歩12分
","
築21年
6階建
",3,6.4,5000.0,,,1K,19.692,21.0,6,18.0
都営三田線 本蓮沼駅 3階建 築33年,東京都北区西が丘１,"
都営三田線/本蓮沼駅 歩12分
ＪＲ埼京線/赤羽駅 歩15分

","
築33年
3階建
",1,7.0,,,7.0,2K,26.52,33.0,3,15.0
都営三田線 板橋本町駅 2階建 築18年,東京都板橋区宮本町,"
都営三田線/板橋本町駅 歩3分
都営三田線/本蓮沼駅 歩10分
ＪＲ京浜東北線/赤羽駅 バス17分 (バス停)清水町 歩4分
","
築18年
2階建
",1,6.7,3000.0,6.7,6.7,1K,22.352,18.0,2,
都営三田線 板橋本町駅 2階建 築18年,東京都板橋区宮本町,"
都営三田線/板橋本町駅 歩3分
都営三田線/本蓮沼駅 歩10分
ＪＲ京浜東北線/赤羽駅 バス17分 (バス停)清水町 歩4分
","
築18年
2階建
",2,6.9,3000.0,,,ワンルーム,24.222,18.0,2,
レオパレスシルフィー,埼玉県戸田市川岸３,"
ＪＲ埼京線/戸田公園駅 歩13分
ＪＲ山手線/池袋駅 車28分(9.2km)
湘南新宿ライン高海/赤羽駅 車19分(5.7km)
","
築18年
3階建
",1,6.4,7000.0,,6.4,1K,20.282,18.0,3,
都営三田線 本蓮沼駅 6階建 築18年,東京都板橋区蓮沼町,"
都営三田線/本蓮沼駅 歩5分
都営三田線/志村坂上駅 歩10分
ＪＲ京浜東北線/赤羽駅 歩25分
","
築18年
6階建
",6,7.0,6000.0,7.0,7.0,1K,21.462,18.0,6,25.0
都営三田線 本蓮沼駅 6階建 築18年,東京都板橋区蓮沼町,"
都営三田線/本蓮沼駅 歩5分
都営三田線/志村坂上駅 歩10分
ＪＲ京浜東北線/赤羽駅 歩25分
","
築18年
6階建
",6,7.0,5000.0,7.0,7.0,1K,21.462,18.0,6,25.0
都営三田線 本蓮沼駅 6階建 築18年,東京都板橋区蓮沼町,"
都営三田線/本蓮沼駅 歩5分
都営三田線/志村坂上駅 歩10分
ＪＲ京浜東北線/赤羽駅 歩25分
","
築18年
6階建
",4,6.3,10000.0,,6.3,1K,21.462,18.0,6,25.0
都営三田線 本蓮沼駅 6階建 築18年,東京都板橋区蓮沼町,"
都営三田線/本蓮沼駅 歩5分
都営三田線/志村坂上駅 歩10分
ＪＲ京浜東北線/赤羽駅 歩25分
","
築18年
6階建
",6,6.9,8000.0,6.9,,1K,23.062,18.0,6,25.0
アデッソ本蓮沼,東京都板橋区蓮沼町,"
都営三田線/本蓮沼駅 歩5分
都営三田線/志村坂上駅 歩15分
ＪＲ京浜東北線/赤羽駅 歩27分
","
築18年
6階建
",6,7.0,6000.0,7.0,7.0,1K,21.462,18.0,6,27.0
アデッソ本蓮沼,東京都板橋区蓮沼町,"
都営三田線/本蓮沼駅 歩5分
都営三田線/志村坂上駅 歩15分
ＪＲ京浜東北線/赤羽駅 歩27分
","
築18年
6階建
",4,6.3,10000.0,,6.3,1K,21.462,18.0,6,27.0
アデッソ本蓮沼,東京都板橋区蓮沼町,"
都営三田線/本蓮沼駅 歩5分
都営三田線/志村坂上駅 歩15分
ＪＲ京浜東北線/赤羽駅 歩27分
","
築18年
6階建
",6,6.9,8000.0,6.9,,1K,23.062,18.0,6,27.0
メゾンアカネ,東京都北区志茂２,"
ＪＲ京浜東北線/赤羽駅 歩6分
東京メトロ南北線/志茂駅 歩6分
東京メトロ南北線/赤羽岩淵駅 歩10分
","
築21年
3階建
",2,7.4,3000.0,7.4,,1K,232.0,21.0,3,6.0
メゾンアカネ,東京都北区志茂２,"
ＪＲ京浜東北線/赤羽駅 歩6分
東京メトロ南北線/志茂駅 歩6分
東京メトロ南北線/赤羽岩淵駅 歩10分
","
築21年
3階建
",1,7.0,3000.0,7.0,,1K,232.0,21.0,3,6.0
メゾンアカネ,東京都北区志茂２,"
ＪＲ京浜東北線/赤羽駅 歩6分
東京メトロ南北線/志茂駅 歩6分
東京メトロ南北線/赤羽岩淵駅 歩10分
","
築21年
3階建
",3,7.7,3000.0,7.7,7.7,1K,232.0,21.0,3,6.0
ＪＲ京浜東北線 赤羽駅 3階建 築47年,東京都北区赤羽台３,"
ＪＲ京浜東北線/赤羽駅 歩7分
埼玉高速鉄道/赤羽岩淵駅 歩7分
ＪＲ埼京線/北赤羽駅 歩17分
","
築47年
3階建
",3,7.2,2000.0,7.2,,1K,282.0,47.0,3,7.0
ＪＲ京浜東北線 赤羽駅 3階建 築47年,東京都北区赤羽台３,"
ＪＲ京浜東北線/赤羽駅 歩7分
埼玉高速鉄道/赤羽岩淵駅 歩7分
ＪＲ埼京線/北赤羽駅 歩17分
","
築47年
3階建
",2,7.3,2000.0,7.3,,1K,282.0,47.0,3,7.0
カーサ・エテルノ,埼玉県川口市南鳩ヶ谷３,"
埼玉高速鉄道/南鳩ヶ谷駅 歩3分
埼玉高速鉄道/鳩ヶ谷駅 歩19分
ＪＲ京浜東北線/赤羽駅 バス14分 (バス停)南鳩ヶ谷駅 歩4分
","
築14年
6階建
",2,7.0,4900.0,,,1K,28.42,14.0,6,
カーサ・エテルノ,埼玉県川口市南鳩ヶ谷３,"
埼玉高速鉄道/南鳩ヶ谷駅 歩3分
埼玉高速鉄道/鳩ヶ谷駅 歩19分
ＪＲ京浜東北線/赤羽駅 バス14分 (バス停)南鳩ヶ谷駅 歩4分
","
築14年
6階建
",2,7.0,4900.0,,,1K,28.42,14.0,6,
カーサ・エテルノ,埼玉県川口市南鳩ヶ谷３,"
埼玉高速鉄道/南鳩ヶ谷駅 歩3分
埼玉高速鉄道/鳩ヶ谷駅 歩19分
ＪＲ京浜東北線/赤羽駅 バス14分 (バス停)南鳩ヶ谷駅 歩4分
","
築14年
6階建
",2,7.0,5005.0,,,1K,28.42,14.0,6,
カーサ・エテルノ,埼玉県川口市南鳩ヶ谷３,"
埼玉高速鉄道/南鳩ヶ谷駅 歩3分
埼玉高速鉄道/鳩ヶ谷駅 歩19分
ＪＲ京浜東北線/赤羽駅 バス14分 (バス停)南鳩ヶ谷駅 歩4分
","
築14年
6階建
",5,7.3,4900.0,,,1K,28.42,14.0,6,
カーサ・エテルノ,埼玉県川口市南鳩ヶ谷３,"
埼玉高速鉄道/南鳩ヶ谷駅 歩3分
埼玉高速鉄道/鳩ヶ谷駅 歩19分
ＪＲ京浜東北線/赤羽駅 バス14分 (バス停)南鳩ヶ谷駅 歩4分
","
築14年
6階建
",2,7.0,5005.0,,,1K,28.42,14.0,6,
カーサ・エテルノ,埼玉県川口市南鳩ヶ谷３,"
埼玉高速鉄道/南鳩ヶ谷駅 歩3分
埼玉高速鉄道/鳩ヶ谷駅 歩19分
ＪＲ京浜東北線/赤羽駅 バス14分 (バス停)南鳩ヶ谷駅 歩4分
","
築14年
6階建
",5,7.3,5005.0,,,1K,28.42,14.0,6,
ＪＲ京浜東北線 赤羽駅 2階建 築16年,東京都北区志茂２,"
ＪＲ京浜東北線/赤羽駅 歩10分
東京メトロ南北線/志茂駅 歩5分
東京メトロ南北線/赤羽岩淵駅 歩13分
","
築16年
2階建
",1,7.2,3000.0,7.2,7.2,1K,23.772,16.0,2,10.0
ＪＲ京浜東北線 赤羽駅 2階建 築16年,東京都北区志茂２,"
ＪＲ京浜東北線/赤羽駅 歩10分
東京メトロ南北線/志茂駅 歩5分
東京メトロ南北線/赤羽岩淵駅 歩13分
","
築16年
2階建
",1,7.3,3000.0,7.3,7.3,1K,23.772,16.0,2,10.0
Berry　berry,東京都北区志茂２,"
ＪＲ京浜東北線/赤羽駅 歩10分
東京メトロ南北線/志茂駅 歩5分
東京メトロ南北線/赤羽岩淵駅 歩13分
","
築16年
2階建
",1,7.2,3000.0,7.2,7.2,1K,23.772,16.0,2,10.0
メゾン恩田,東京都北区赤羽西１,"
ＪＲ京浜東北線/赤羽駅 歩5分
東京メトロ南北線/赤羽岩淵駅 歩15分
都営三田線/本蓮沼駅 歩20分
","
築11年
3階建
",2,7.3,2000.0,7.3,7.3,1K,18.12,11.0,3,5.0
メゾン恩田,東京都北区赤羽西１,"
ＪＲ京浜東北線/赤羽駅 歩5分
東京メトロ南北線/赤羽岩淵駅 歩15分
都営三田線/本蓮沼駅 歩20分
","
築11年
3階建
",2,7.3,2000.0,7.3,7.3,1K,18.912,11.0,3,5.0
埼玉高速鉄道 南鳩ヶ谷駅 6階建 築14年,埼玉県川口市南鳩ヶ谷３,"
埼玉高速鉄道/南鳩ヶ谷駅 歩3分
埼玉高速鉄道/鳩ヶ谷駅 歩19分
ＪＲ京浜東北線/赤羽駅 バス14分 (バス停)南鳩ヶ谷駅 歩4分
","
築14年
6階建
",2,7.0,5005.0,,,1K,28.42,14.0,6,
埼玉高速鉄道 南鳩ヶ谷駅 6階建 築14年,埼玉県川口市南鳩ヶ谷３,"
埼玉高速鉄道/南鳩ヶ谷駅 歩3分
埼玉高速鉄道/鳩ヶ谷駅 歩19分
ＪＲ京浜東北線/赤羽駅 バス14分 (バス停)南鳩ヶ谷駅 歩4分
","
築14年
6階建
",2,7.0,5005.0,,,1K,28.42,14.0,6,
埼玉高速鉄道 南鳩ヶ谷駅 6階建 築14年,埼玉県川口市南鳩ヶ谷３,"
埼玉高速鉄道/南鳩ヶ谷駅 歩3分
埼玉高速鉄道/鳩ヶ谷駅 歩19分
ＪＲ京浜東北線/赤羽駅 バス14分 (バス停)南鳩ヶ谷駅 歩4分
","
築14年
6階建
",5,7.3,5005.0,,,1K,28.42,14.0,6,
アペリオ鹿浜１号館,東京都足立区鹿浜６,"
日暮里・舎人ライナー/谷在家駅 歩15分
ＪＲ埼京線/赤羽駅 バス20分 (バス停)鹿浜八丁目 歩1分
日暮里・舎人ライナー/西新井大師西駅 歩16分
","
築32年
3階建
",2,7.4,3000.0,,,3DK,53.892,32.0,3,
ＪＲ京浜東北線 赤羽駅 3階建 築21年,東京都北区志茂２,"
ＪＲ京浜東北線/赤羽駅 歩7分
東京メトロ南北線/志茂駅 歩7分

","
築21年
3階建
",2,7.4,3000.0,7.4,,1K,232.0,21.0,3,7.0
ＪＲ京浜東北線 赤羽駅 3階建 築21年,東京都北区志茂２,"
ＪＲ京浜東北線/赤羽駅 歩7分
東京メトロ南北線/志茂駅 歩7分

","
築21年
3階建
",3,7.7,3000.0,7.7,7.7,1K,232.0,21.0,3,7.0
COCOCUBE AKABANE,東京都北区赤羽２,"
東京メトロ南北線/赤羽岩淵駅 歩5分
ＪＲ京浜東北線/赤羽駅 歩10分
東京メトロ南北線/志茂駅 歩11分
","
築10年
4階建
",1,7.8,,,7.8,ワンルーム,18.672,10.0,4,10.0
COCOCUBE AKABANE,東京都北区赤羽２,"
東京メトロ南北線/赤羽岩淵駅 歩5分
ＪＲ京浜東北線/赤羽駅 歩10分
東京メトロ南北線/志茂駅 歩11分
","
築10年
4階建
",4,8.4,,,8.4,1K,20.892,10.0,4,10.0
COCOCUBE AKABANE,東京都北区赤羽２,"
東京メトロ南北線/赤羽岩淵駅 歩5分
ＪＲ京浜東北線/赤羽駅 歩10分
東京メトロ南北線/志茂駅 歩11分
","
築10年
4階建
",4,8.4,,,8.4,1K,18.892,10.0,4,10.0
ラグジュアリーアパートメント赤羽西＃02,東京都北区赤羽西６,"
都営三田線/本蓮沼駅 歩8分
ＪＲ埼京線/北赤羽駅 歩20分
ＪＲ京浜東北線/赤羽駅 歩24分
","
築17年
6階建
",2,7.4,10000.0,,7.4,1K,25.52,17.0,6,24.0
ラグジュアリーアパートメント赤羽西＃02,東京都北区赤羽西６,"
都営三田線/本蓮沼駅 歩8分
ＪＲ埼京線/北赤羽駅 歩20分
ＪＲ京浜東北線/赤羽駅 歩24分
","
築17年
6階建
",5,6.9,10000.0,,6.9,1K,25.52,17.0,6,24.0
ラグジュアリーアパートメント赤羽西＃02,東京都北区赤羽西６,"
都営三田線/本蓮沼駅 歩8分
ＪＲ埼京線/北赤羽駅 歩20分
ＪＲ京浜東北線/赤羽駅 歩24分
","
築17年
6階建
",1,6.9,10000.0,,6.9,1K,25.52,17.0,6,24.0
都営三田線 本蓮沼駅 6階建 築17年,東京都北区赤羽西６,"
都営三田線/本蓮沼駅 歩9分
ＪＲ埼京線/北赤羽駅 歩24分
ＪＲ京浜東北線/赤羽駅 歩25分
","
築17年
6階建
",2,7.4,10000.0,,7.4,1K,25.52,17.0,6,25.0
都営三田線 本蓮沼駅 6階建 築17年,東京都北区赤羽西６,"
都営三田線/本蓮沼駅 歩9分
ＪＲ埼京線/北赤羽駅 歩24分
ＪＲ京浜東北線/赤羽駅 歩25分
","
築17年
6階建
",5,6.9,10000.0,,6.9,1K,25.52,17.0,6,25.0
都営三田線 本蓮沼駅 6階建 築17年,東京都北区赤羽西６,"
都営三田線/本蓮沼駅 歩9分
ＪＲ埼京線/北赤羽駅 歩24分
ＪＲ京浜東北線/赤羽駅 歩25分
","
築17年
6階建
",1,6.9,10000.0,,6.9,1K,25.52,17.0,6,25.0
blue　palette赤羽弁天通り,東京都北区赤羽西４,"
ＪＲ京浜東北線/赤羽駅 歩10分
都営三田線/本蓮沼駅 歩15分
東京メトロ南北線/赤羽岩淵駅 歩17分
","
築5年
4階建
",1,11.5,10000.0,11.5,11.5,1LDK,38.242,5.0,4,10.0
blue　palette赤羽弁天通り,東京都北区赤羽西４,"
ＪＲ京浜東北線/赤羽駅 歩10分
都営三田線/本蓮沼駅 歩15分
東京メトロ南北線/赤羽岩淵駅 歩17分
","
築5年
4階建
",2,7.6,5000.0,7.6,7.6,1K,21.422,5.0,4,10.0
ＪＲ京浜東北線 赤羽駅 3階建 築20年,東京都北区志茂４,"
ＪＲ京浜東北線/赤羽駅 歩15分
東京メトロ南北線/志茂駅 歩6分
ＪＲ京浜東北線/東十条駅 歩32分
","
築20年
3階建
",2,7.6,8000.0,7.6,,1K,25.772,20.0,3,15.0
ＪＲ京浜東北線 赤羽駅 3階建 築20年,東京都北区志茂４,"
ＪＲ京浜東北線/赤羽駅 歩15分
東京メトロ南北線/志茂駅 歩6分
ＪＲ京浜東北線/東十条駅 歩32分
","
築20年
3階建
",1,7.3,8000.0,,,1K,25.772,20.0,3,15.0
ＪＲ京浜東北線 赤羽駅 3階建 築20年,東京都北区志茂４,"
ＪＲ京浜東北線/赤羽駅 歩15分
東京メトロ南北線/志茂駅 歩6分
ＪＲ京浜東北線/東十条駅 歩32分
","
築20年
3階建
",1,7.6,8000.0,7.6,,1K,25.772,20.0,3,15.0
ノーザンハウス,東京都北区志茂４,"
東京メトロ南北線/志茂駅 歩5分
ＪＲ京浜東北線/赤羽駅 歩15分
東京メトロ南北線/赤羽岩淵駅 歩15分
","
築20年
3階建
",2,7.6,8000.0,7.6,,1K,25.772,20.0,3,15.0
ノーザンハウス,東京都北区志茂４,"
東京メトロ南北線/志茂駅 歩5分
ＪＲ京浜東北線/赤羽駅 歩15分
東京メトロ南北線/赤羽岩淵駅 歩15分
","
築20年
3階建
",2,7.3,8000.0,,,1K,25.772,20.0,3,15.0
ノーザンハウス,東京都北区志茂４,"
東京メトロ南北線/志茂駅 歩5分
ＪＲ京浜東北線/赤羽駅 歩15分
東京メトロ南北線/赤羽岩淵駅 歩15分
","
築20年
3階建
",2,7.5,8000.0,,,1K,25.772,20.0,3,15.0
レガーロ中十条,東京都北区中十条４,"
ＪＲ京浜東北線/東十条駅 歩9分
ＪＲ埼京線/十条駅 歩13分
ＪＲ京浜東北線/赤羽駅 歩16分
","
築16年
2階建
",2,8.0,5500.0,,8.0,1K,20.282,16.0,2,16.0
レガーロ中十条,東京都北区中十条４,"
ＪＲ京浜東北線/東十条駅 歩9分
ＪＲ埼京線/十条駅 歩13分
ＪＲ京浜東北線/赤羽駅 歩16分
","
築16年
2階建
",2,7.6,5500.0,,7.6,1K,20.282,16.0,2,16.0
レガーロ中十条,東京都北区中十条４,"
ＪＲ京浜東北線/東十条駅 歩9分
ＪＲ埼京線/十条駅 歩13分
ＪＲ京浜東北線/赤羽駅 歩16分
","
築16年
2階建
",2,7.6,5500.0,,7.6,1K,20.282,16.0,2,16.0
レガーロ中十条,東京都北区中十条４,"
ＪＲ京浜東北線/東十条駅 歩9分
ＪＲ埼京線/十条駅 歩13分
ＪＲ京浜東北線/赤羽駅 歩16分
","
築16年
2階建
",2,7.6,5500.0,,7.6,1K,20.282,16.0,2,16.0
ＪＲ京浜東北線 東十条駅 5階建 築9年,東京都北区十条仲原３,"
ＪＲ京浜東北線/東十条駅 歩7分
ＪＲ埼京線/十条駅 歩10分
ＪＲ高崎線/赤羽駅 歩19分
","
築9年
5階建
",4,7.7,5000.0,,7.7,1K,252.0,9.0,5,19.0
都営三田線 西台駅 7階建 築10年,東京都板橋区高島平１,"
都営三田線/西台駅 歩9分
ＪＲ京浜東北線/赤羽駅 バス24分 (バス停)大東文化大学 歩7分
東武東上線/東武練馬駅 バス9分 (バス停)高島六の橋 歩2分
","
築10年
7階建
",5,10.0,5100.0,,10.0,1DK,35.032,10.0,7,
都営三田線 西台駅 7階建 築10年,東京都板橋区高島平１,"
都営三田線/西台駅 歩9分
ＪＲ京浜東北線/赤羽駅 バス24分 (バス停)大東文化大学 歩7分
東武東上線/東武練馬駅 バス9分 (バス停)高島六の橋 歩2分
","
築10年
7階建
",5,7.75,5100.0,,7.75,1K,25.082,10.0,7,
都営三田線 西台駅 7階建 築10年,東京都板橋区高島平１,"
都営三田線/西台駅 歩9分
ＪＲ京浜東北線/赤羽駅 バス24分 (バス停)大東文化大学 歩7分
東武東上線/東武練馬駅 バス9分 (バス停)高島六の橋 歩2分
","
築10年
7階建
",3,9.6,5100.0,,9.6,1DK,35.112,10.0,7,
サンライズ赤塚,東京都板橋区赤塚３,"
東武東上線/成増駅 歩8分
東京メトロ副都心線/地下鉄成増駅 歩7分
ＪＲ京浜東北線/赤羽駅 バス35分 (バス停)六道の辻 歩5分
","
築3年
2階建
",1,7.95,3300.0,,7.95,1K,25.732,3.0,2,
東武東上線 成増駅 2階建 築3年,東京都板橋区赤塚３,"
東武東上線/成増駅 歩8分
東京メトロ副都心線/地下鉄成増駅 歩7分
ＪＲ京浜東北線/赤羽駅 バス35分 (バス停)六道の辻 歩5分
","
築3年
2階建
",1,7.95,3300.0,,7.95,1K,25.732,3.0,2,
ハイツささ川,東京都北区志茂４,"
東京メトロ南北線/志茂駅 歩9分
埼玉高速鉄道/赤羽岩淵駅 歩14分
ＪＲ埼京線/赤羽駅 歩15分
","
築36年
3階建
",2,8.0,3000.0,8.0,,1LDK,31.352,36.0,3,15.0
ＪＲ京浜東北線 赤羽駅 5階建 築38年,東京都北区志茂４,"
ＪＲ京浜東北線/赤羽駅 歩12分
東京メトロ南北線/志茂駅 歩5分
東京メトロ南北線/赤羽岩淵駅 歩10分
","
築38年
5階建
",2,8.2,3000.0,8.2,,1DK,34.232,38.0,5,12.0
エトワールピア,東京都北区志茂２,"
東京メトロ南北線/志茂駅 歩3分
ＪＲ京浜東北線/赤羽駅 歩17分
埼玉高速鉄道/赤羽岩淵駅 歩15分
","
築15年
3階建
",1,8.0,5500.0,,8.0,1K,20.812,15.0,3,17.0
エトワールピア,東京都北区志茂２,"
東京メトロ南北線/志茂駅 歩3分
ＪＲ京浜東北線/赤羽駅 歩17分
埼玉高速鉄道/赤羽岩淵駅 歩15分
","
築15年
3階建
",1,8.0,5500.0,,8.0,1K,20.812,15.0,3,17.0
エトワールピア,東京都北区志茂２,"
東京メトロ南北線/志茂駅 歩3分
ＪＲ京浜東北線/赤羽駅 歩17分
埼玉高速鉄道/赤羽岩淵駅 歩15分
","
築15年
3階建
",2,8.2,5500.0,,8.2,1K,20.812,15.0,3,17.0
エトワールピア,東京都北区志茂２,"
東京メトロ南北線/志茂駅 歩3分
ＪＲ京浜東北線/赤羽駅 歩17分
埼玉高速鉄道/赤羽岩淵駅 歩15分
","
築15年
3階建
",3,8.0,5500.0,,8.0,1K,20.812,15.0,3,17.0
ケインズ赤羽,東京都北区志茂２,"
東京メトロ南北線/志茂駅 歩5分
ＪＲ埼京線/赤羽駅 歩13分
ＪＲ京浜東北線/東十条駅 歩24分
","
築12年
2階建
",2,8.3,3000.0,4.15,12.45,1K,27.832,12.0,2,13.0
ケインズ赤羽,東京都北区志茂２,"
東京メトロ南北線/志茂駅 歩5分
ＪＲ埼京線/赤羽駅 歩13分
ＪＲ京浜東北線/東十条駅 歩24分
","
築12年
2階建
",2,8.3,3000.0,4.15,12.45,1K,27.832,12.0,2,13.0
東京メトロ南北線 志茂駅 2階建 築12年,東京都北区志茂２,"
東京メトロ南北線/志茂駅 歩5分
ＪＲ埼京線/赤羽駅 歩13分
ＪＲ京浜東北線/東十条駅 歩24分
","
築12年
2階建
",2,8.3,3000.0,4.15,12.45,1K,27.832,12.0,2,13.0
ＪＲ京浜東北線 赤羽駅 3階建 新築,東京都北区西が丘１,"
ＪＲ京浜東北線/赤羽駅 歩18分
都営三田線/本蓮沼駅 歩15分
都営三田線/板橋本町駅 歩21分
","
新築
3階建
",2,8.2,5000.0,8.2,8.2,1K,27.452,,3,18.0
ＪＲ京浜東北線 赤羽駅 3階建 新築,東京都北区西が丘１,"
ＪＲ京浜東北線/赤羽駅 歩18分
都営三田線/本蓮沼駅 歩15分
都営三田線/板橋本町駅 歩21分
","
新築
3階建
",1,11.9,5000.0,11.9,11.9,1LDK,41.322,,3,18.0
ＪＲ京浜東北線 赤羽駅 3階建 新築,東京都北区西が丘１,"
ＪＲ京浜東北線/赤羽駅 歩18分
都営三田線/本蓮沼駅 歩15分
都営三田線/板橋本町駅 歩21分
","
新築
3階建
",2,16.0,5000.0,16.0,16.0,2LDK,54.942,,3,18.0
ＪＲ京浜東北線 赤羽駅 3階建 新築,東京都北区西が丘１,"
ＪＲ京浜東北線/赤羽駅 歩18分
都営三田線/本蓮沼駅 歩15分
都営三田線/板橋本町駅 歩21分
","
新築
3階建
",3,12.9,5000.0,12.9,12.9,1LDK,45.542,,3,18.0
ＪＲ京浜東北線 赤羽駅 3階建 新築,東京都北区西が丘１,"
ＪＲ京浜東北線/赤羽駅 歩18分
都営三田線/本蓮沼駅 歩15分
都営三田線/板橋本町駅 歩21分
","
新築
3階建
",2,13.4,5000.0,13.4,13.4,1LDK,51.82,,3,18.0
ＪＲ京浜東北線 赤羽駅 3階建 新築,東京都北区西が丘１,"
ＪＲ京浜東北線/赤羽駅 歩18分
都営三田線/本蓮沼駅 歩15分
都営三田線/板橋本町駅 歩21分
","
新築
3階建
",3,8.3,5000.0,8.3,8.3,1K,27.222,,3,18.0
ＪＲ京浜東北線 赤羽駅 3階建 新築,東京都北区西が丘１,"
ＪＲ京浜東北線/赤羽駅 歩18分
都営三田線/本蓮沼駅 歩15分
都営三田線/板橋本町駅 歩21分
","
新築
3階建
",1,12.4,5000.0,12.4,12.4,1LDK,45.542,,3,18.0
ＪＲ京浜東北線 赤羽駅 3階建 新築,東京都北区西が丘１,"
ＪＲ京浜東北線/赤羽駅 歩18分
都営三田線/本蓮沼駅 歩15分
都営三田線/板橋本町駅 歩21分
","
新築
3階建
",3,12.4,5000.0,12.4,12.4,1LDK,41.42,,3,18.0
ＪＲ京浜東北線 赤羽駅 3階建 新築,東京都北区西が丘１,"
ＪＲ京浜東北線/赤羽駅 歩18分
都営三田線/本蓮沼駅 歩15分
都営三田線/板橋本町駅 歩21分
","
新築
3階建
",3,13.5,5000.0,13.5,13.5,1LDK,51.82,,3,18.0
コート三晴,東京都北区岩淵町,"
東京メトロ南北線/赤羽岩淵駅 歩4分
ＪＲ京浜東北線/赤羽駅 歩10分
東京メトロ南北線/志茂駅 歩11分
","
築52年
4階建
",3,8.6,3000.0,,,1K,28.082,52.0,4,10.0
コート三晴,東京都北区岩淵町,"
東京メトロ南北線/赤羽岩淵駅 歩4分
ＪＲ京浜東北線/赤羽駅 歩10分
東京メトロ南北線/志茂駅 歩11分
","
築52年
4階建
",1,8.4,3000.0,,,1K,27.722,52.0,4,10.0
コート三晴,東京都北区岩淵町,"
東京メトロ南北線/赤羽岩淵駅 歩4分
ＪＲ京浜東北線/赤羽駅 歩10分
東京メトロ南北線/志茂駅 歩11分
","
築52年
4階建
",1,8.4,3000.0,,,1K,28.082,52.0,4,10.0
コート三晴,東京都北区岩淵町,"
東京メトロ南北線/赤羽岩淵駅 歩4分
ＪＲ京浜東北線/赤羽駅 歩10分
東京メトロ南北線/志茂駅 歩11分
","
築52年
4階建
",1,8.4,3000.0,,,1K,28.082,52.0,4,10.0
コート三晴,東京都北区岩淵町,"
東京メトロ南北線/赤羽岩淵駅 歩4分
ＪＲ京浜東北線/赤羽駅 歩10分
東京メトロ南北線/志茂駅 歩11分
","
築52年
4階建
",1,8.4,3000.0,,,1K,27.722,52.0,4,10.0
コート三晴,東京都北区岩淵町,"
東京メトロ南北線/赤羽岩淵駅 歩4分
ＪＲ京浜東北線/赤羽駅 歩10分
東京メトロ南北線/志茂駅 歩11分
","
築52年
4階建
",3,8.6,3000.0,,,1K,28.082,52.0,4,10.0
リブリ・赤羽,東京都北区岩淵町,"
東京メトロ南北線/赤羽岩淵駅 歩2分
ＪＲ埼京線/赤羽駅 歩8分

","
築9年
3階建
",2,8.2,5000.0,,8.2,1K,25.692,9.0,3,8.0
ＪＲ京浜東北線 赤羽駅 3階建 築9年,東京都北区岩淵町,"
ＪＲ京浜東北線/赤羽駅 歩8分
東京メトロ南北線/赤羽岩淵駅 歩2分
東京メトロ南北線/志茂駅 歩14分
","
築9年
3階建
",2,8.2,5000.0,,8.2,1K,25.692,9.0,3,8.0
メイクス赤羽岩淵,東京都北区志茂５,"
東京メトロ南北線/赤羽岩淵駅 歩10分
ＪＲ京浜東北線/赤羽駅 歩18分
埼玉高速鉄道/赤羽岩淵駅 歩10分
","
築3年
5階建
",5,17.15,12000.0,17.15,17.15,2LDK,55.682,3.0,5,18.0
メイクス赤羽岩淵,東京都北区志茂５,"
東京メトロ南北線/赤羽岩淵駅 歩10分
ＪＲ京浜東北線/赤羽駅 歩18分
埼玉高速鉄道/赤羽岩淵駅 歩10分
","
築3年
5階建
",1,7.75,12000.0,7.75,7.75,1K,25.522,3.0,5,18.0
メイクス赤羽岩淵,東京都北区志茂５,"
東京メトロ南北線/赤羽岩淵駅 歩10分
ＪＲ京浜東北線/赤羽駅 歩18分
埼玉高速鉄道/赤羽岩淵駅 歩10分
","
築3年
5階建
",2,8.1,12000.0,8.1,8.1,1K,25.522,3.0,5,18.0
メイクス赤羽岩淵,東京都北区志茂５,"
東京メトロ南北線/赤羽岩淵駅 歩10分
ＪＲ京浜東北線/赤羽駅 歩18分
埼玉高速鉄道/赤羽岩淵駅 歩10分
","
築3年
5階建
",3,8.15,12000.0,8.15,8.15,1K,25.522,3.0,5,18.0
メイクス赤羽岩淵,東京都北区志茂５,"
東京メトロ南北線/赤羽岩淵駅 歩10分
ＪＲ京浜東北線/赤羽駅 歩18分
埼玉高速鉄道/赤羽岩淵駅 歩10分
","
築3年
5階建
",4,8.2,12000.0,8.2,8.2,1K,25.522,3.0,5,18.0
東京メトロ南北線 志茂駅 2階建 築58年,東京都北区志茂４,"
東京メトロ南北線/志茂駅 歩9分
ＪＲ京浜東北線/赤羽駅 歩19分
東京メトロ南北線/赤羽岩淵駅 歩17分
","
築58年
2階建
",1-2,9.0,,9.0,,1LDK,39.482,58.0,2,19.0
東京メトロ南北線 赤羽岩淵駅 4階建 築38年,東京都北区岩淵町,"
東京メトロ南北線/赤羽岩淵駅 歩5分
ＪＲ埼京線/赤羽駅 歩13分
東京メトロ南北線/志茂駅 歩14分
","
築38年
4階建
",3,8.7,3000.0,8.7,8.7,2DK,35.392,38.0,4,13.0
東京メトロ南北線 赤羽岩淵駅 4階建 築38年,東京都北区岩淵町,"
東京メトロ南北線/赤羽岩淵駅 歩5分
ＪＲ埼京線/赤羽駅 歩13分
東京メトロ南北線/志茂駅 歩14分
","
築38年
4階建
",4,9.2,3000.0,9.2,9.2,2DK,38.392,38.0,4,13.0
都営三田線 板橋本町駅 6階建 築5年,東京都板橋区清水町,"
都営三田線/板橋本町駅 歩7分
都営三田線/本蓮沼駅 歩7分
ＪＲ埼京線/赤羽駅 歩29分
","
築5年
6階建
",3,7.8,12000.0,7.8,,1K,26.222,5.0,6,29.0
都営三田線 板橋本町駅 6階建 築5年,東京都板橋区清水町,"
都営三田線/板橋本町駅 歩7分
都営三田線/本蓮沼駅 歩7分
ＪＲ埼京線/赤羽駅 歩29分
","
築5年
6階建
",3,7.8,12000.0,7.8,,1K,25.932,5.0,6,29.0
都営三田線 板橋本町駅 6階建 築5年,東京都板橋区清水町,"
都営三田線/板橋本町駅 歩7分
都営三田線/本蓮沼駅 歩7分
ＪＲ埼京線/赤羽駅 歩29分
","
築5年
6階建
",6,8.0,12000.0,8.0,,1K,25.732,5.0,6,29.0
都営三田線 板橋本町駅 6階建 築5年,東京都板橋区清水町,"
都営三田線/板橋本町駅 歩7分
都営三田線/本蓮沼駅 歩7分
ＪＲ埼京線/赤羽駅 歩29分
","
築5年
6階建
",2,8.2,12000.0,,8.2,1K,25.812,5.0,6,29.0
ルーブル東十条弐番館,東京都北区神谷２,"
ＪＲ埼京線/赤羽駅 歩14分
ＪＲ京浜東北線/東十条駅 歩11分
東京メトロ南北線/志茂駅 歩15分
","
築4年
8階建
",4,8.2,10000.0,8.2,8.2,1K,25.432,4.0,8,14.0
ＪＲ埼京線 赤羽駅 12階建 築3年,東京都北区志茂２,"
ＪＲ埼京線/赤羽駅 歩13分
東京メトロ南北線/志茂駅 歩2分
ＪＲ京浜東北線/東十条駅 歩26分
","
築3年
12階建
",3,8.9,10000.0,,,1K,25.82,3.0,12,13.0
ＪＲ埼京線 赤羽駅 12階建 築3年,東京都北区志茂２,"
ＪＲ埼京線/赤羽駅 歩13分
東京メトロ南北線/志茂駅 歩2分
ＪＲ京浜東北線/東十条駅 歩26分
","
築3年
12階建
",6,9.2,10000.0,,,1K,25.472,3.0,12,13.0
ＪＲ埼京線 赤羽駅 12階建 築3年,東京都北区志茂２,"
ＪＲ埼京線/赤羽駅 歩13分
東京メトロ南北線/志茂駅 歩2分
ＪＲ京浜東北線/東十条駅 歩26分
","
築3年
12階建
",8,8.25,10000.0,,8.25,1K,25.82,3.0,12,13.0
ＪＲ埼京線 赤羽駅 12階建 築3年,東京都北区志茂２,"
ＪＲ埼京線/赤羽駅 歩13分
東京メトロ南北線/志茂駅 歩2分
ＪＲ京浜東北線/東十条駅 歩26分
","
築3年
12階建
",4,8.7,10000.0,,,1K,25.82,3.0,12,13.0
ＪＲ埼京線 赤羽駅 12階建 築3年,東京都北区志茂２,"
ＪＲ埼京線/赤羽駅 歩13分
東京メトロ南北線/志茂駅 歩2分
ＪＲ京浜東北線/東十条駅 歩26分
","
築3年
12階建
",8,8.25,15000.0,,,1K,25.82,3.0,12,13.0
ＪＲ埼京線 赤羽駅 12階建 築3年,東京都北区志茂２,"
ＪＲ埼京線/赤羽駅 歩13分
東京メトロ南北線/志茂駅 歩2分
ＪＲ京浜東北線/東十条駅 歩26分
","
築3年
12階建
",3,8.8,10000.0,,,1K,25.792,3.0,12,13.0
DIPS赤羽RESIDENCE,東京都北区志茂２,"
東京メトロ南北線/志茂駅 歩2分
ＪＲ京浜東北線/赤羽駅 歩13分
東京メトロ南北線/赤羽岩淵駅 歩13分
","
築3年
12階建
",3,8.9,10000.0,,,1K,25.82,3.0,12,13.0
DIPS赤羽RESIDENCE,東京都北区志茂２,"
東京メトロ南北線/志茂駅 歩2分
ＪＲ京浜東北線/赤羽駅 歩13分
東京メトロ南北線/赤羽岩淵駅 歩13分
","
築3年
12階建
",4,8.7,10000.0,,,1K,25.82,3.0,12,13.0
DIPS赤羽RESIDENCE,東京都北区志茂２,"
東京メトロ南北線/志茂駅 歩2分
ＪＲ京浜東北線/赤羽駅 歩13分
東京メトロ南北線/赤羽岩淵駅 歩13分
","
築3年
12階建
",8,8.25,15000.0,,8.25,1K,25.82,3.0,12,13.0
DIPS赤羽RESIDENCE,東京都北区志茂２,"
東京メトロ南北線/志茂駅 歩2分
ＪＲ京浜東北線/赤羽駅 歩13分
東京メトロ南北線/赤羽岩淵駅 歩13分
","
築3年
12階建
",6,9.2,10000.0,,,1K,25.472,3.0,12,13.0
DIPS赤羽RESIDENCE,東京都北区志茂２,"
東京メトロ南北線/志茂駅 歩2分
ＪＲ京浜東北線/赤羽駅 歩13分
東京メトロ南北線/赤羽岩淵駅 歩13分
","
築3年
12階建
",8,8.25,10000.0,,8.25,1K,25.82,3.0,12,13.0
アサヒ,東京都北区赤羽西１,"
ＪＲ京浜東北線/赤羽駅 歩6分
東京メトロ南北線/赤羽岩淵駅 歩13分
都営三田線/本蓮沼駅 歩26分
","
築12年
3階建
",2,8.7,5500.0,,8.7,1K,20.062,12.0,3,6.0
アサヒ,東京都北区赤羽西１,"
ＪＲ京浜東北線/赤羽駅 歩6分
東京メトロ南北線/赤羽岩淵駅 歩13分
都営三田線/本蓮沼駅 歩26分
","
築12年
3階建
",2,8.7,5500.0,,8.7,1K,20.062,12.0,3,6.0
アサヒ,東京都北区赤羽西１,"
ＪＲ京浜東北線/赤羽駅 歩6分
東京メトロ南北線/赤羽岩淵駅 歩13分
都営三田線/本蓮沼駅 歩26分
","
築12年
3階建
",2,9.2,5500.0,,9.2,1K,20.062,12.0,3,6.0
ＪＲ京浜東北線 赤羽駅 3階建 築12年,東京都北区赤羽西１,"
ＪＲ京浜東北線/赤羽駅 歩6分
東京メトロ南北線/赤羽岩淵駅 歩13分
東京メトロ南北線/志茂駅 歩21分
","
築12年
3階建
",2,8.7,5500.0,,8.7,1K,20.062,12.0,3,6.0
オーベルジュ桐ヶ丘,東京都北区赤羽北３,"
都営三田線/志村坂上駅 歩12分
ＪＲ埼京線/北赤羽駅 歩13分
ＪＲ京浜東北線/赤羽駅 歩23分
","
築34年
7階建
",2,10.2,8000.0,10.2,10.2,2LDK,49.52,34.0,7,23.0
オーベルジュ桐ヶ丘,東京都北区赤羽北３,"
都営三田線/志村坂上駅 歩12分
ＪＲ埼京線/北赤羽駅 歩13分
ＪＲ京浜東北線/赤羽駅 歩23分
","
築34年
7階建
",7,8.9,6000.0,8.9,,1LDK,39.62,34.0,7,23.0
入谷サンアイガーデン二番館,東京都足立区入谷３,"
日暮里・舎人ライナー/見沼代親水公園駅 歩17分
ＪＲ京浜東北線/赤羽駅 バス37分 (バス停)入谷３丁目停 歩5分
日暮里・舎人ライナー/舎人駅 歩17分
","
築22年
6階建
",3,9.1,5000.0,,,2LDK,54.42,22.0,6,
入谷サンアイガーデン二番館,東京都足立区入谷３,"
日暮里・舎人ライナー/見沼代親水公園駅 歩17分
ＪＲ京浜東北線/赤羽駅 バス37分 (バス停)入谷３丁目停 歩5分
日暮里・舎人ライナー/舎人駅 歩17分
","
築22年
6階建
",3,9.1,5550.0,,,2LDK,54.42,22.0,6,
日暮里・舎人ライナー 見沼代親水公園駅 6階建 築22年,東京都足立区入谷３,"
日暮里・舎人ライナー/見沼代親水公園駅 歩17分
ＪＲ京浜東北線/赤羽駅 バス37分 (バス停)入谷３丁目停 歩5分
日暮里・舎人ライナー/舎人駅 歩17分
","
築22年
6階建
",3,9.1,5550.0,,,2LDK,54.42,22.0,6,
ZOOM志村坂上,東京都板橋区小豆沢１,"
都営三田線/志村坂上駅 歩4分
都営三田線/本蓮沼駅 歩9分
ＪＲ京浜東北線/赤羽駅 バス18分 (バス停)志村一丁目 歩3分
","
築2年
11階建
",5,8.9,9000.0,8.9,8.9,1K,26.142,2.0,11,
ジェネフォーレ,東京都北区赤羽北１,"
東京メトロ南北線/赤羽岩淵駅 歩10分
ＪＲ埼京線/北赤羽駅 歩10分
ＪＲ京浜東北線/赤羽駅 歩17分
","
築12年
2階建
",2,9.8,2000.0,9.8,9.8,1LDK,43.262,12.0,2,17.0
ＨＦ正光寺赤羽レジデンスII,東京都北区岩淵町,"
東京メトロ南北線/赤羽岩淵駅 歩5分
ＪＲ京浜東北線/赤羽駅 歩13分
東京メトロ南北線/志茂駅 歩19分
","
築4年
14階建
",13,10.2,6000.0,10.2,10.2,1K,25.922,4.0,14,13.0
ＨＦ正光寺赤羽レジデンスII,東京都北区岩淵町,"
東京メトロ南北線/赤羽岩淵駅 歩5分
ＪＲ京浜東北線/赤羽駅 歩13分
東京メトロ南北線/志茂駅 歩19分
","
築4年
14階建
",12,19.7,12000.0,19.7,19.7,2LDK,55.022,4.0,14,13.0
ＨＦ正光寺赤羽レジデンスII,東京都北区岩淵町,"
東京メトロ南北線/赤羽岩淵駅 歩5分
ＪＲ京浜東北線/赤羽駅 歩13分
東京メトロ南北線/志茂駅 歩19分
","
築4年
14階建
",5,9.5,6000.0,9.5,9.5,1K,262.0,4.0,14,13.0
ＨＦ正光寺赤羽レジデンスII,東京都北区岩淵町,"
東京メトロ南北線/赤羽岩淵駅 歩5分
ＪＲ京浜東北線/赤羽駅 歩13分
東京メトロ南北線/志茂駅 歩19分
","
築4年
14階建
",10,19.6,12000.0,19.6,,2LDK,55.022,4.0,14,13.0
パークアクシス赤羽南,東京都北区赤羽南２,"
ＪＲ京浜東北線/赤羽駅 歩8分
東京メトロ南北線/志茂駅 歩11分
ＪＲ京浜東北線/東十条駅 歩12分
","
築2年
13階建
",6,9.2,10000.0,9.2,9.2,1K,25.012,2.0,13,8.0
パークアクシス赤羽南,東京都北区赤羽南２,"
ＪＲ京浜東北線/赤羽駅 歩8分
東京メトロ南北線/志茂駅 歩11分
ＪＲ京浜東北線/東十条駅 歩12分
","
築2年
13階建
",7,18.5,15000.0,18.5,18.5,2LDK,55.012,2.0,13,8.0
ＪＲ埼京線 赤羽駅 13階建 築2年,東京都北区赤羽南２,"
ＪＲ埼京線/赤羽駅 歩7分
東京メトロ南北線/志茂駅 歩13分
埼玉高速鉄道/赤羽岩淵駅 歩14分
","
築2年
13階建
",7,18.5,15000.0,18.5,18.5,2LDK,55.012,2.0,13,7.0
ＪＲ埼京線 赤羽駅 13階建 築2年,東京都北区赤羽南２,"
ＪＲ埼京線/赤羽駅 歩7分
東京メトロ南北線/志茂駅 歩13分
埼玉高速鉄道/赤羽岩淵駅 歩14分
","
築2年
13階建
",6,9.2,10000.0,9.2,9.2,1K,25.012,2.0,13,7.0
ＪＲ埼京線 赤羽駅 10階建 築1年,東京都北区志茂２,"
ＪＲ埼京線/赤羽駅 歩13分
東京メトロ南北線/志茂駅 歩3分
東京メトロ南北線/王子神谷駅 歩23分
","
築1年
10階建
",2,9.8,10000.0,9.8,9.8,1DK,25.242,1.0,10,13.0
ＯＲＳＵＳ　ＡＫＡＢＡＮＥ　ＥＡＳＴ,東京都北区志茂２,"
東京メトロ南北線/志茂駅 歩3分
ＪＲ埼京線/赤羽駅 歩13分
ＪＲ京浜東北線/赤羽駅 歩13分
","
築1年
10階建
",2,9.8,10000.0,9.8,9.8,1DK,25.242,1.0,10,13.0
クレヴィスタ赤羽,東京都北区赤羽西１,"
ＪＲ京浜東北線/赤羽駅 歩3分
ＪＲ埼京線/赤羽駅 歩3分
東京メトロ南北線/赤羽岩淵駅 歩15分
","
築5年
5階建
",1,11.6,10500.0,,11.6,1K,25.332,5.0,5,3.0
クレヴィスタ赤羽,東京都北区赤羽西１,"
ＪＲ京浜東北線/赤羽駅 歩3分
ＪＲ埼京線/赤羽駅 歩3分
東京メトロ南北線/赤羽岩淵駅 歩15分
","
築5年
5階建
",2,9.7,15000.0,,,1K,26.522,5.0,5,3.0
クレヴィスタ赤羽,東京都北区赤羽西１,"
ＪＲ京浜東北線/赤羽駅 歩3分
ＪＲ埼京線/赤羽駅 歩3分
東京メトロ南北線/赤羽岩淵駅 歩15分
","
築5年
5階建
",1,11.6,10500.0,,11.6,1K,26.282,5.0,5,3.0
クレヴィスタ赤羽,東京都北区赤羽西１,"
ＪＲ京浜東北線/赤羽駅 歩3分
ＪＲ埼京線/赤羽駅 歩3分
東京メトロ南北線/赤羽岩淵駅 歩15分
","
築5年
5階建
",1,11.7,10500.0,,11.7,1K,25.552,5.0,5,3.0
クレヴィスタ赤羽,東京都北区赤羽西１,"
ＪＲ京浜東北線/赤羽駅 歩3分
ＪＲ埼京線/赤羽駅 歩3分
東京メトロ南北線/赤羽岩淵駅 歩15分
","
築5年
5階建
",2,11.8,10500.0,,11.8,1K,26.282,5.0,5,3.0
クレヴィスタ赤羽,東京都北区赤羽西１,"
ＪＲ京浜東北線/赤羽駅 歩3分
ＪＲ埼京線/赤羽駅 歩3分
東京メトロ南北線/赤羽岩淵駅 歩15分
","
築5年
5階建
",2,11.8,10500.0,,11.8,1K,25.552,5.0,5,3.0
クレヴィスタ赤羽,東京都北区赤羽西１,"
ＪＲ京浜東北線/赤羽駅 歩3分
ＪＲ埼京線/赤羽駅 歩3分
東京メトロ南北線/赤羽岩淵駅 歩15分
","
築5年
5階建
",3,11.9,10500.0,,11.9,1K,26.142,5.0,5,3.0
クレヴィスタ赤羽,東京都北区赤羽西１,"
ＪＲ京浜東北線/赤羽駅 歩3分
ＪＲ埼京線/赤羽駅 歩3分
東京メトロ南北線/赤羽岩淵駅 歩15分
","
築5年
5階建
",4,11.9,10500.0,,11.9,1K,25.332,5.0,5,3.0
クレヴィスタ赤羽,東京都北区赤羽西１,"
ＪＲ京浜東北線/赤羽駅 歩3分
ＪＲ埼京線/赤羽駅 歩3分
東京メトロ南北線/赤羽岩淵駅 歩15分
","
築5年
5階建
",3,12.0,10500.0,,12.0,1K,26.522,5.0,5,3.0
クレヴィスタ赤羽,東京都北区赤羽西１,"
ＪＲ京浜東北線/赤羽駅 歩3分
ＪＲ埼京線/赤羽駅 歩3分
東京メトロ南北線/赤羽岩淵駅 歩15分
","
築5年
5階建
",3,12.0,10500.0,,12.0,1K,25.552,5.0,5,3.0
クレヴィスタ赤羽,東京都北区赤羽西１,"
ＪＲ京浜東北線/赤羽駅 歩3分
ＪＲ埼京線/赤羽駅 歩3分
東京メトロ南北線/赤羽岩淵駅 歩15分
","
築5年
5階建
",4,12.0,10500.0,,12.0,1K,25.332,5.0,5,3.0
クレヴィスタ赤羽,東京都北区赤羽西１,"
ＪＲ京浜東北線/赤羽駅 歩3分
ＪＲ埼京線/赤羽駅 歩3分
東京メトロ南北線/赤羽岩淵駅 歩15分
","
築5年
5階建
",3,12.1,10500.0,,12.1,1K,26.522,5.0,5,3.0
クレヴィスタ赤羽,東京都北区赤羽西１,"
ＪＲ京浜東北線/赤羽駅 歩3分
ＪＲ埼京線/赤羽駅 歩3分
東京メトロ南北線/赤羽岩淵駅 歩15分
","
築5年
5階建
",5,12.2,10500.0,,12.2,1K,26.522,5.0,5,3.0
クレヴィスタ赤羽,東京都北区赤羽西１,"
ＪＲ京浜東北線/赤羽駅 歩3分
ＪＲ埼京線/赤羽駅 歩3分
東京メトロ南北線/赤羽岩淵駅 歩15分
","
築5年
5階建
",5,12.2,10500.0,,12.2,1K,25.832,5.0,5,3.0
クレヴィスタ赤羽,東京都北区赤羽西１,"
ＪＲ京浜東北線/赤羽駅 歩3分
ＪＲ埼京線/赤羽駅 歩3分
東京メトロ南北線/赤羽岩淵駅 歩15分
","
築5年
5階建
",5,19.4,10500.0,,19.4,1LDK,39.462,5.0,5,3.0
XEBEC赤羽,東京都北区赤羽１,"
ＪＲ埼京線/赤羽駅 歩5分
ＪＲ京浜東北線/赤羽駅 歩5分
東京メトロ南北線/赤羽岩淵駅 歩3分
","
築7年
9階建
",8,10.3,10500.0,,10.3,1K,25.812,7.0,9,5.0
ジオエント赤羽,東京都北区赤羽西１,"
ＪＲ京浜東北線/赤羽駅 歩2分
東京メトロ南北線/赤羽岩淵駅 歩12分

","
築3年
11階建
",2,10.6,10000.0,10.6,,1K,25.112,3.0,11,2.0
ジオエント赤羽,東京都北区赤羽西１,"
ＪＲ京浜東北線/赤羽駅 歩2分
東京メトロ南北線/赤羽岩淵駅 歩12分

","
築3年
11階建
",2,10.5,10000.0,10.5,,1K,25.182,3.0,11,2.0
ＪＲ埼京線 赤羽駅 11階建 築3年,東京都北区赤羽西１,"
ＪＲ埼京線/赤羽駅 歩2分
ＪＲ京浜東北線/赤羽駅 歩2分
ＪＲ高崎線/赤羽駅 歩2分
","
築3年
11階建
",2,10.6,10000.0,10.6,,1K,25.112,3.0,11,2.0
ＪＲ埼京線 赤羽駅 11階建 築3年,東京都北区赤羽西１,"
ＪＲ埼京線/赤羽駅 歩2分
ＪＲ京浜東北線/赤羽駅 歩2分
ＪＲ高崎線/赤羽駅 歩2分
","
築3年
11階建
",2,10.5,10000.0,10.5,,1K,25.182,3.0,11,2.0
シンエイ赤羽マンション,東京都北区赤羽１,"
東京メトロ南北線/赤羽岩淵駅 歩3分
ＪＲ埼京線/赤羽駅 歩6分

","
築41年
6階建
",5,11.2,8000.0,11.2,11.2,ワンルーム,36.722,41.0,6,6.0
Ｌｕｃｅ鹿浜,東京都足立区鹿浜３,"
ＪＲ京浜東北線/赤羽駅 バス15分 (バス停)鹿浜三丁目 歩1分


","
築6年
3階建
",2,12.0,5000.0,,,2LDK,58.382,6.0,3,
セザール赤羽,東京都北区赤羽１,"
ＪＲ埼京線/赤羽駅 歩5分
東京メトロ南北線/赤羽岩淵駅 歩4分
ＪＲ京浜東北線/東十条駅 バス5分 (バス停)赤羽駅東口 歩5分
","
築26年
9階建
",7,14.0,,14.0,14.0,2LDK,50.862,26.0,9,5.0
セザール赤羽,東京都北区赤羽１,"
ＪＲ埼京線/赤羽駅 歩5分
東京メトロ南北線/赤羽岩淵駅 歩4分
ＪＲ京浜東北線/東十条駅 バス5分 (バス停)赤羽駅東口 歩5分
","
築26年
9階建
",7,13.5,,13.5,13.5,2LDK,50.862,26.0,9,5.0
ＪＲ埼京線 赤羽駅 10階建 築4年,東京都北区赤羽南１,"
ＪＲ埼京線/赤羽駅 歩2分
ＪＲ京浜東北線/東十条駅 歩25分
東京メトロ南北線/赤羽岩淵駅 歩10分
","
築4年
10階建
",5,12.8,9000.0,6.4,19.2,1DK,32.362,4.0,10,2.0
Lucente赤羽,東京都北区赤羽南１,"
ＪＲ京浜東北線/赤羽駅 歩2分
東京メトロ南北線/赤羽岩淵駅 歩12分
東京メトロ南北線/志茂駅 歩14分
","
築4年
地下1地上10階建
",5,12.8,9000.0,6.4,19.2,1DK,32.362,4.0,10,2.0
赤羽グリーンハイツ,東京都北区赤羽南１,"
ＪＲ京浜東北線/赤羽駅 歩3分
東京メトロ南北線/赤羽岩淵駅 歩10分
東京メトロ南北線/志茂駅 歩13分
","
築47年
11階建
",7,13.3,10000.0,13.3,13.3,2LDK,50.332,47.0,11,3.0
赤羽グリーンハイツ,東京都北区赤羽南１,"
ＪＲ京浜東北線/赤羽駅 歩3分
東京メトロ南北線/赤羽岩淵駅 歩10分
東京メトロ南北線/志茂駅 歩13分
","
築47年
11階建
",7,13.5,10000.0,13.5,13.5,2LDK,50.332,47.0,11,3.0
赤羽グリーンハイツ,東京都北区赤羽南１,"
ＪＲ京浜東北線/赤羽駅 歩3分
東京メトロ南北線/赤羽岩淵駅 歩10分
東京メトロ南北線/志茂駅 歩13分
","
築47年
11階建
",7,13.4,10000.0,13.4,13.4,2LDK,50.332,47.0,11,3.0
Dear court Akabane,東京都北区赤羽西１,"
ＪＲ京浜東北線/赤羽駅 歩3分
東京メトロ南北線/赤羽岩淵駅 歩11分
ＪＲ埼京線/北赤羽駅 歩20分
","
新築
4階建
",1,15.6,5000.0,15.6,,1LDK,44.872,,4,3.0
Dear court Akabane,東京都北区赤羽西１,"
ＪＲ京浜東北線/赤羽駅 歩3分
東京メトロ南北線/赤羽岩淵駅 歩11分
ＪＲ埼京線/北赤羽駅 歩20分
","
新築
4階建
",1,15.4,5000.0,15.4,,1LDK,41.372,,4,3.0
Dear court Akabane,東京都北区赤羽西１,"
ＪＲ京浜東北線/赤羽駅 歩3分
東京メトロ南北線/赤羽岩淵駅 歩11分
ＪＲ埼京線/北赤羽駅 歩20分
","
新築
4階建
",3,15.8,5000.0,15.8,15.8,1LDK,41.372,,4,3.0
Dear court Akabane,東京都北区赤羽西１,"
ＪＲ京浜東北線/赤羽駅 歩3分
東京メトロ南北線/赤羽岩淵駅 歩11分
ＪＲ埼京線/北赤羽駅 歩20分
","
新築
4階建
",4,15.9,5000.0,15.9,15.9,1LDK,44.872,,4,3.0
Dear court Akabane,東京都北区赤羽西１,"
ＪＲ京浜東北線/赤羽駅 歩3分
東京メトロ南北線/赤羽岩淵駅 歩11分
ＪＲ埼京線/北赤羽駅 歩20分
","
新築
4階建
",4,15.7,5000.0,15.7,,1LDK,41.372,,4,3.0
東京メトロ南北線 赤羽岩淵駅 5階建 築3年,東京都北区志茂５,"
東京メトロ南北線/赤羽岩淵駅 歩10分
ＪＲ京浜東北線/赤羽駅 歩17分
東京メトロ南北線/志茂駅 歩12分
","
築3年
5階建
",5,17.15,12000.0,17.15,17.15,2LDK,55.682,3.0,5,17.0
ネオ・プロミネンス,東京都北区志茂３,"
東京メトロ南北線/志茂駅 歩1分
ＪＲ京浜東北線/赤羽駅 歩15分
ＪＲ京浜東北線/東十条駅 歩25分
","
築30年
12階建
",5,16.9,15000.0,16.9,,3LDK,65.682,30.0,12,15.0
ネオ・プロミネンス,東京都北区志茂３,"
東京メトロ南北線/志茂駅 歩1分
ＪＲ京浜東北線/赤羽駅 歩15分
ＪＲ京浜東北線/東十条駅 歩25分
","
築30年
12階建
",12,27.5,15000.0,27.5,27.5,2LDK,119.132,30.0,12,15.0
ローレルコート赤羽,東京都北区赤羽南２,"
ＪＲ埼京線/赤羽駅 歩11分
ＪＲ京浜東北線/東十条駅 歩13分
東京メトロ南北線/志茂駅 歩12分
","
築3年
8階建
",2,19.0,10400.0,19.0,19.0,3LDK,57.752,3.0,8,11.0
ローレルコート赤羽,東京都北区赤羽南２,"
ＪＲ埼京線/赤羽駅 歩11分
ＪＲ京浜東北線/東十条駅 歩13分
東京メトロ南北線/志茂駅 歩12分
","
築3年
8階建
",2,19.0,10400.0,19.0,19.0,3LDK,57.752,3.0,8,11.0
亀田荘,東京都北区赤羽２,"
ＪＲ京浜東北線/赤羽駅 歩7分
東京メトロ南北線/赤羽岩淵駅 歩5分
東京メトロ南北線/志茂駅 歩15分
","
築58年
2階建
",2,3.2,,3.2,3.2,ワンルーム,10.742,58.0,2,7.0
亀田荘,東京都北区赤羽２,"
ＪＲ京浜東北線/赤羽駅 歩7分
東京メトロ南北線/赤羽岩淵駅 歩5分
東京メトロ南北線/志茂駅 歩15分
","
築58年
2階建
",1,3.0,,3.0,3.0,ワンルーム,20.622,58.0,2,7.0
二又川荘,東京都北区赤羽２,"
ＪＲ京浜東北線/赤羽駅 歩7分
東京メトロ南北線/赤羽岩淵駅 歩3分
東京メトロ南北線/志茂駅 歩13分
","
築51年
3階建
",3,4.0,1000.0,4.0,4.0,ワンルーム,152.0,51.0,3,7.0
二又川荘,東京都北区赤羽２,"
ＪＲ京浜東北線/赤羽駅 歩7分
東京メトロ南北線/赤羽岩淵駅 歩3分
東京メトロ南北線/志茂駅 歩13分
","
築51年
3階建
",2,4.0,1000.0,4.0,4.0,ワンルーム,152.0,51.0,3,7.0
二又川荘,東京都北区赤羽２,"
ＪＲ京浜東北線/赤羽駅 歩7分
東京メトロ南北線/赤羽岩淵駅 歩3分
東京メトロ南北線/志茂駅 歩13分
","
築51年
3階建
",3,5.0,,,,ワンルーム,152.0,51.0,3,7.0
アルゴ西新井,東京都足立区江北７,"
日暮里・舎人ライナー/西新井大師西駅 歩11分
東武伊勢崎線/西新井駅 バス18分 (バス停)鹿浜十字路 歩3分
ＪＲ京浜東北線/赤羽駅 バス21分 (バス停)鹿浜十字路 歩3分
","
築9年
3階建
",1,4.3,4000.0,,,ワンルーム,11.782,9.0,3,
アルゴ西新井,東京都足立区江北７,"
日暮里・舎人ライナー/西新井大師西駅 歩11分
東武伊勢崎線/西新井駅 バス18分 (バス停)鹿浜十字路 歩3分
ＪＲ京浜東北線/赤羽駅 バス21分 (バス停)鹿浜十字路 歩3分
","
築9年
3階建
",3,4.8,4000.0,,,ワンルーム,12.082,9.0,3,
ＪＲ京浜東北線 赤羽駅 2階建 築47年,東京都北区赤羽西２,"
ＪＲ京浜東北線/赤羽駅 歩10分
ＪＲ京浜東北線/東十条駅 歩15分
ＪＲ埼京線/十条駅 歩15分
","
築47年
2階建
",2,5.0,,5.0,,1DK,23.62,47.0,2,10.0
木村様方,東京都北区志茂５,"
東京メトロ南北線/赤羽岩淵駅 歩10分
ＪＲ京浜東北線/赤羽駅 歩15分
埼玉高速鉄道/川口元郷駅 歩33分
","
築47年
2階建
",2,5.0,,5.0,5.0,1K,17.732,47.0,2,15.0
東京メトロ南北線 赤羽岩淵駅 2階建 築47年,東京都北区志茂５,"
東京メトロ南北線/赤羽岩淵駅 歩10分
ＪＲ京浜東北線/赤羽駅 歩15分
埼玉高速鉄道/川口元郷駅 歩33分
","
築47年
2階建
",2,5.0,,5.0,5.0,1K,17.732,47.0,2,15.0
レオパレスキルシュバウム,埼玉県さいたま市桜区大字下大久保,"
ＪＲ埼京線/南与野駅 バス17分 (バス停)下大久保 歩4分
ＪＲ武蔵野線/西浦和駅 歩46分
ＪＲ埼京線/赤羽駅 車46分(17.5km)
","
築15年
3階建
",3,4.4,7000.0,,,1K,20.812,15.0,3,
レオパレスグリーン　ヴィラ,埼玉県川口市大字神戸,"
ＪＲ武蔵野線/東浦和駅 バス10分 (バス停)大塚 歩10分
ＪＲ武蔵野線/東川口駅 歩37分
ＪＲ埼京線/赤羽駅 車29分(9.9km)
","
築20年
2階建
",1,4.8,5000.0,,4.8,1K,19.872,20.0,2,
レオパレスグリーン　ヴィラ,埼玉県川口市大字神戸,"
ＪＲ武蔵野線/東浦和駅 バス10分 (バス停)大塚 歩10分
ＪＲ武蔵野線/東川口駅 歩37分
ＪＲ埼京線/赤羽駅 車29分(9.9km)
","
築20年
2階建
",2,4.9,5000.0,,4.9,1K,19.872,20.0,2,
レオパレスグリーン　ヴィラ,埼玉県川口市大字神戸,"
ＪＲ武蔵野線/東浦和駅 バス10分 (バス停)大塚 歩10分
ＪＲ武蔵野線/東川口駅 歩37分
ＪＲ埼京線/赤羽駅 車29分(9.9km)
","
築20年
2階建
",2,4.9,5000.0,,4.9,1K,19.872,20.0,2,
レオパレスサントーヨーII,埼玉県川口市前川３,"
ＪＲ京浜東北線/蕨駅 バス12分 (バス停)前川 歩1分
ＪＲ山手線/池袋駅 車49分(15.4km)
ＪＲ埼京線/赤羽駅 車27分(8.0km)
","
築15年
3階建
",2,4.9,7000.0,,,1K,19.872,15.0,3,
レオパレスサントーヨーII,埼玉県川口市前川３,"
ＪＲ京浜東北線/蕨駅 バス12分 (バス停)前川 歩1分
ＪＲ山手線/池袋駅 車49分(15.4km)
ＪＲ埼京線/赤羽駅 車27分(8.0km)
","
築15年
3階建
",2,5.1,7000.0,,,1K,19.872,15.0,3,
レオパレスサントーヨーII,埼玉県川口市前川３,"
ＪＲ京浜東北線/蕨駅 バス12分 (バス停)前川 歩1分
ＪＲ山手線/池袋駅 車49分(15.4km)
ＪＲ埼京線/赤羽駅 車27分(8.0km)
","
築15年
3階建
",3,5.2,7000.0,,,1K,19.872,15.0,3,
レオパレスサントーヨーII,埼玉県川口市前川３,"
ＪＲ京浜東北線/蕨駅 バス12分 (バス停)前川 歩1分
ＪＲ山手線/池袋駅 車49分(15.4km)
ＪＲ埼京線/赤羽駅 車27分(8.0km)
","
築15年
3階建
",3,5.2,7000.0,,,1K,19.872,15.0,3,
鳩ヶ谷マリオン・シティ,埼玉県川口市坂下町２,"
埼玉高速鉄道/鳩ヶ谷駅 歩6分
ＪＲ京浜東北線/西川口駅 バス16分 (バス停)昭和橋 歩1分
ＪＲ京浜東北線/赤羽駅 バス17分 (バス停)昭和橋 歩1分
","
築18年
3階建
",1,5.5,3500.0,2.75,,1K,272.0,18.0,3,
レオネクストしうん,埼玉県さいたま市緑区道祖土２,"
ＪＲ京浜東北線/北浦和駅 バス12分 (バス停)市営アパート 歩3分
ＪＲ京浜東北線/北浦和駅 歩32分
ＪＲ埼京線/赤羽駅 車43分(15.7km)
","
築14年
2階建
",2,5.4,5000.0,,,1K,26.082,14.0,2,
レオネクストしうん,埼玉県さいたま市緑区道祖土２,"
ＪＲ京浜東北線/北浦和駅 バス12分 (バス停)市営アパート 歩3分
ＪＲ京浜東北線/北浦和駅 歩32分
ＪＲ埼京線/赤羽駅 車43分(15.7km)
","
築14年
2階建
",2,5.9,5000.0,,,1K,26.082,14.0,2,
コーポ富田,東京都北区志茂４,"
東京メトロ南北線/志茂駅 歩4分
ＪＲ京浜東北線/赤羽駅 歩15分
東京メトロ南北線/赤羽岩淵駅 歩12分
","
築45年
2階建
",2,6.0,,6.0,,1K,24.332,45.0,2,15.0
Ｓｕｎアメージング,東京都足立区新田１,"
東京メトロ南北線/王子神谷駅 歩18分
ＪＲ京浜東北線/東十条駅 歩25分
ＪＲ高崎線/赤羽駅 歩36分
","
築8年
2階建
",1,5.7,3000.0,,,1K,21.292,8.0,2,36.0
Ｓｕｎアメージング,東京都足立区新田１,"
東京メトロ南北線/王子神谷駅 歩18分
ＪＲ京浜東北線/東十条駅 歩25分
ＪＲ高崎線/赤羽駅 歩36分
","
築8年
2階建
",2,5.9,3000.0,3.0,3.0,1K,21.292,8.0,2,36.0
レオパレスエスペランサ,埼玉県さいたま市南区辻４,"
ＪＲ埼京線/北戸田駅 歩16分
ＪＲ埼京線/武蔵浦和駅 歩20分
ＪＲ埼京線/赤羽駅 車33分(10.6km)
","
築15年
3階建
",1,5.3,7000.0,,5.3,1K,20.812,15.0,3,
レオパレスＴ＆Ｋ,埼玉県川口市青木３,"
埼玉高速鉄道/南鳩ヶ谷駅 歩15分
ＪＲ山手線/池袋駅 車35分(12.2km)
ＪＲ埼京線/赤羽駅 車14分(5.0km)
","
築13年
3階建
",2,5.3,7000.0,,5.3,1K,20.812,13.0,3,
ＪＲ埼京線 赤羽駅 2階建 築12年,東京都北区神谷２,"
ＪＲ埼京線/赤羽駅 歩10分
ＪＲ京浜東北線/赤羽駅 歩10分
東京メトロ南北線/志茂駅 歩10分
","
築12年
2階建
",1,5.7,3000.0,5.7,,1K,19.32,12.0,2,10.0
ハーモニーテラス志茂ＸＩ,東京都北区志茂５,"
東京メトロ南北線/志茂駅 歩10分
ＪＲ京浜東北線/赤羽駅 歩16分
東京メトロ南北線/赤羽岩淵駅 歩12分
","
築4年
2階建
",1,5.65,4000.0,,5.65,ワンルーム,12.322,4.0,2,16.0
レオパレスサクラ土合,埼玉県さいたま市桜区道場２,"
ＪＲ京浜東北線/浦和駅 バス27分 (バス停)道場 歩2分
ＪＲ武蔵野線/西浦和駅 歩29分
ＪＲ埼京線/赤羽駅 車44分(16.3km)
","
築15年
3階建
",1,5.4,7000.0,,,1K,20.812,15.0,3,
レオパレスプチパレＫ,埼玉県さいたま市中央区円阿弥７,"
ＪＲ埼京線/大宮駅 歩27分
ＪＲ埼京線/大宮駅 バス12分 (バス停)三橋二丁目南 歩5分
ＪＲ埼京線/赤羽駅 車51分(22.8km)
","
築14年
3階建
",3,5.4,7000.0,,,1K,20.812,14.0,3,
レオパレス浦和南,埼玉県さいたま市南区内谷３,"
ＪＲ埼京線/武蔵浦和駅 バス11分 (バス停)内谷 歩6分
ＪＲ武蔵野線/武蔵浦和駅 バス11分 (バス停)内谷 歩6分
ＪＲ埼京線/赤羽駅 車36分(12.3km)
","
築15年
3階建
",2,5.4,7000.0,,,1K,19.872,15.0,3,
レオパレス浦和南,埼玉県さいたま市南区内谷３,"
ＪＲ埼京線/武蔵浦和駅 バス11分 (バス停)内谷 歩6分
ＪＲ武蔵野線/武蔵浦和駅 バス11分 (バス停)内谷 歩6分
ＪＲ埼京線/赤羽駅 車36分(12.3km)
","
築15年
3階建
",1,5.5,7000.0,,,1K,19.872,15.0,3,
レオパレス浦和南,埼玉県さいたま市南区内谷３,"
ＪＲ埼京線/武蔵浦和駅 バス11分 (バス停)内谷 歩6分
ＪＲ武蔵野線/武蔵浦和駅 バス11分 (バス停)内谷 歩6分
ＪＲ埼京線/赤羽駅 車36分(12.3km)
","
築15年
3階建
",2,5.8,7000.0,,,1K,19.872,15.0,3,
ハーモニーテラス志茂?,東京都北区志茂５,"
東京メトロ南北線/志茂駅 歩7分
ＪＲ京浜東北線/赤羽駅 歩15分
東京メトロ南北線/赤羽岩淵駅 歩13分
","
築5年
2階建
",1,5.75,4000.0,,5.75,ワンルーム,11.022,5.0,2,15.0
東京メトロ南北線 志茂駅 2階建 築5年,東京都北区志茂５,"
東京メトロ南北線/志茂駅 歩7分
ＪＲ京浜東北線/赤羽駅 歩15分
東京メトロ南北線/赤羽岩淵駅 歩13分
","
築5年
2階建
",1,5.75,4000.0,,5.75,ワンルーム,11.022,5.0,2,15.0
フローラ水山II,東京都足立区新田２,"
東京メトロ南北線/王子神谷駅 歩15分
ＪＲ埼京線/赤羽駅 バス16分 (バス停)新田二丁目 歩3分
ＪＲ京浜東北線/王子駅 バス16分 (バス停)新田二丁目 歩3分
","
築26年
3階建
",3,5.8,4000.0,2.9,2.9,1K,22.022,26.0,3,
レオパレスグリーンバレー内谷,埼玉県さいたま市南区内谷２,"
ＪＲ武蔵野線/西浦和駅 歩20分
ＪＲ埼京線/武蔵浦和駅 歩27分
ＪＲ埼京線/赤羽駅 車33分(12.3km)
","
築15年
3階建
",3,5.5,7000.0,,,1K,20.812,15.0,3,
レオパレスグリーンバレー内谷,埼玉県さいたま市南区内谷２,"
ＪＲ武蔵野線/西浦和駅 歩20分
ＪＲ埼京線/武蔵浦和駅 歩27分
ＪＲ埼京線/赤羽駅 車33分(12.3km)
","
築15年
3階建
",3,5.8,7000.0,,,1K,20.812,15.0,3,
レオパレスアンフィールド,埼玉県さいたま市南区文蔵５,"
ＪＲ京浜東北線/蕨駅 歩21分
ＪＲ京浜東北線/南浦和駅 歩21分
ＪＲ埼京線/赤羽駅 車32分(9.6km)
","
築15年
3階建
",3,5.5,7000.0,,,1K,20.812,15.0,3,
レオパレスプレジデントハイツ,埼玉県蕨市中央５,"
ＪＲ京浜東北線/蕨駅 歩18分
ＪＲ埼京線/戸田駅 歩19分
ＪＲ埼京線/赤羽駅 車24分(7.8km)
","
築13年
3階建
",3,5.6,7000.0,,,1K,20.812,13.0,3,
レオパレスプレジデントハイツ,埼玉県蕨市中央５,"
ＪＲ京浜東北線/蕨駅 歩18分
ＪＲ埼京線/戸田駅 歩19分
ＪＲ埼京線/赤羽駅 車24分(7.8km)
","
築13年
3階建
",2,5.8,7000.0,,,1K,20.812,13.0,3,
レオパレスプレジデントハイツ,埼玉県蕨市中央５,"
ＪＲ京浜東北線/蕨駅 歩18分
ＪＲ埼京線/戸田駅 歩19分
ＪＲ埼京線/赤羽駅 車24分(7.8km)
","
築13年
3階建
",3,5.9,7000.0,,,1K,20.812,13.0,3,
レオパレスプレジデントハイツ,埼玉県蕨市中央５,"
ＪＲ京浜東北線/蕨駅 歩18分
ＪＲ埼京線/戸田駅 歩19分
ＪＲ埼京線/赤羽駅 車24分(7.8km)
","
築13年
3階建
",3,5.9,7000.0,,,1K,20.812,13.0,3,
レオネクストブルーヴィラII,埼玉県さいたま市南区大字大谷口,"
ＪＲ京浜東北線/浦和駅 歩25分
ＪＲ京浜東北線/南浦和駅 歩36分
ＪＲ埼京線/赤羽駅 車39分(12.2km)
","
築13年
3階建
",2,5.7,7000.0,,5.7,1K,26.082,13.0,3,
レオパレスＭａｋｅａｒｒｏｗII,埼玉県川口市大字里,"
埼玉高速鉄道/鳩ヶ谷駅 歩9分
ＪＲ京浜東北線/西川口駅 歩50分
ＪＲ埼京線/赤羽駅 車20分(7.5km)
","
築15年
3階建
",3,5.7,7000.0,,,1K,20.812,15.0,3,
レオパレスグリーンパイン松本,埼玉県さいたま市南区松本４,"
ＪＲ埼京線/武蔵浦和駅 バス17分 (バス停)松本４丁目 歩3分
ＪＲ武蔵野線/西浦和駅 歩23分
ＪＲ埼京線/赤羽駅 車36分(13.0km)
","
築14年
3階建
",2,5.8,7000.0,,5.8,1K,26.082,14.0,3,
レオパレスリモーネII,埼玉県川口市前川１,"
ＪＲ京浜東北線/蕨駅 歩26分
ＪＲ山手線/池袋駅 車46分(14.5km)
ＪＲ埼京線/赤羽駅 車24分(7.2km)
","
築15年
3階建
",3,5.8,7000.0,,5.8,1K,20.812,15.0,3,
仮称）東十条五丁目3Aコーポ,東京都北区東十条５,"
ＪＲ京浜東北線/東十条駅 歩5分
ＪＲ京浜東北線/赤羽駅 歩15分
ＪＲ埼京線/十条駅 歩17分
","
新築
2階建
",1,6.25,4000.0,,,ワンルーム,12.12,,2,15.0
仮称）東十条五丁目3Aコーポ,東京都北区東十条５,"
ＪＲ京浜東北線/東十条駅 歩5分
ＪＲ京浜東北線/赤羽駅 歩15分
ＪＲ埼京線/十条駅 歩17分
","
新築
2階建
",1,6.15,4000.0,,,ワンルーム,122.0,,2,15.0
仮称）東十条五丁目3Aコーポ,東京都北区東十条５,"
ＪＲ京浜東北線/東十条駅 歩5分
ＪＲ京浜東北線/赤羽駅 歩15分
ＪＲ埼京線/十条駅 歩17分
","
新築
2階建
",1,6.15,4000.0,,,ワンルーム,12.12,,2,15.0
仮称）東十条五丁目3Aコーポ,東京都北区東十条５,"
ＪＲ京浜東北線/東十条駅 歩5分
ＪＲ京浜東北線/赤羽駅 歩15分
ＪＲ埼京線/十条駅 歩17分
","
新築
2階建
",1,6.3,4000.0,,,ワンルーム,12.12,,2,15.0
仮称）東十条五丁目3Aコーポ,東京都北区東十条５,"
ＪＲ京浜東北線/東十条駅 歩5分
ＪＲ京浜東北線/赤羽駅 歩15分
ＪＲ埼京線/十条駅 歩17分
","
新築
2階建
",2,6.35,4000.0,,,ワンルーム,122.0,,2,15.0
仮称）東十条五丁目3Aコーポ,東京都北区東十条５,"
ＪＲ京浜東北線/東十条駅 歩5分
ＪＲ京浜東北線/赤羽駅 歩15分
ＪＲ埼京線/十条駅 歩17分
","
新築
2階建
",1,6.35,4000.0,,,ワンルーム,12.12,,2,15.0
仮称）東十条五丁目3Aコーポ,東京都北区東十条５,"
ＪＲ京浜東北線/東十条駅 歩5分
ＪＲ京浜東北線/赤羽駅 歩15分
ＪＲ埼京線/十条駅 歩17分
","
新築
2階建
",2,6.4,4000.0,,,ワンルーム,122.0,,2,15.0
仮称）東十条五丁目3Aコーポ,東京都北区東十条５,"
ＪＲ京浜東北線/東十条駅 歩5分
ＪＲ京浜東北線/赤羽駅 歩15分
ＪＲ埼京線/十条駅 歩17分
","
新築
2階建
",1,6.45,4000.0,,,ワンルーム,13.12,,2,15.0
仮称）東十条五丁目3Aコーポ,東京都北区東十条５,"
ＪＲ京浜東北線/東十条駅 歩5分
ＪＲ京浜東北線/赤羽駅 歩15分
ＪＲ埼京線/十条駅 歩17分
","
新築
2階建
",2,6.45,4000.0,,,ワンルーム,12.12,,2,15.0
仮称）東十条五丁目3Aコーポ,東京都北区東十条５,"
ＪＲ京浜東北線/東十条駅 歩5分
ＪＲ京浜東北線/赤羽駅 歩15分
ＪＲ埼京線/十条駅 歩17分
","
新築
2階建
",2,6.5,4000.0,,,ワンルーム,12.12,,2,15.0
レオパレスアズール新都心,埼玉県さいたま市大宮区北袋町１,"
ＪＲ京浜東北線/さいたま新都心駅 歩13分
ＪＲ京浜東北線/与野駅 歩15分
ＪＲ埼京線/赤羽駅 車51分(16.5km)
","
築13年
3階建
",3,6.2,5000.0,,6.2,1K,20.812,13.0,3,
レオパレスメーシア公園台I,埼玉県戸田市本町１,"
ＪＲ埼京線/戸田公園駅 歩6分
ＪＲ山手線/池袋駅 車30分(10.4km)
湘南新宿ライン宇須/赤羽駅 車20分(6.8km)
","
築14年
3階建
",1,6.3,5000.0,,6.3,1K,20.812,14.0,3,
レオパレスゼロワントダ,埼玉県戸田市美女木北２,"
ＪＲ埼京線/北戸田駅 歩12分
ＪＲ山手線/池袋駅 車43分(15.7km)
ＪＲ埼京線/赤羽駅 車37分(11.5km)
","
築15年
3階建
",2,6.1,7000.0,,6.1,1K,20.812,15.0,3,
ＪＲ京浜東北線 赤羽駅 9階建 築34年,東京都北区赤羽１,"
ＪＲ京浜東北線/赤羽駅 歩4分
東京メトロ南北線/赤羽岩淵駅 歩5分
東京メトロ南北線/志茂駅 歩15分
","
築34年
9階建
",6,6.4,5000.0,6.4,6.4,ワンルーム,19.82,34.0,9,4.0
ＪＲ京浜東北線 赤羽駅 9階建 築34年,東京都北区赤羽１,"
ＪＲ京浜東北線/赤羽駅 歩4分
東京メトロ南北線/赤羽岩淵駅 歩5分
東京メトロ南北線/志茂駅 歩15分
","
築34年
9階建
",4,7.0,5000.0,7.0,7.0,ワンルーム,19.82,34.0,9,4.0
ＪＲ京浜東北線 赤羽駅 9階建 築34年,東京都北区赤羽１,"
ＪＲ京浜東北線/赤羽駅 歩4分
東京メトロ南北線/赤羽岩淵駅 歩5分
東京メトロ南北線/志茂駅 歩15分
","
築34年
9階建
",8,7.2,5000.0,,,ワンルーム,25.032,34.0,9,4.0
東京メトロ南北線 志茂駅 6階建 築21年,東京都北区神谷３,"
東京メトロ南北線/志茂駅 歩7分
ＪＲ埼京線/赤羽駅 歩18分
東京メトロ南北線/王子神谷駅 歩12分
","
築21年
6階建
",3,6.4,5000.0,,,1K,19.692,21.0,6,18.0
都営三田線 本蓮沼駅 2階建 築5年,東京都北区西が丘１,"
都営三田線/本蓮沼駅 歩12分
ＪＲ京浜東北線/赤羽駅 歩19分
都営三田線/板橋本町駅 歩17分
","
築5年
2階建
",2,6.6,3000.0,,,ワンルーム,16.722,5.0,2,19.0
クレードル・イダ,東京都北区赤羽南１,"
ＪＲ京浜東北線/赤羽駅 歩5分
東京メトロ南北線/志茂駅 歩9分
東京メトロ南北線/赤羽岩淵駅 歩13分
","
築37年
3階建
",1,6.8,2000.0,6.8,6.8,ワンルーム,18.222,37.0,3,5.0
クレードル・イダ,東京都北区赤羽南１,"
ＪＲ京浜東北線/赤羽駅 歩5分
東京メトロ南北線/志茂駅 歩9分
東京メトロ南北線/赤羽岩淵駅 歩13分
","
築37年
3階建
",3,9.6,2000.0,9.6,9.6,2K,34.962,37.0,3,5.0
クレードル・イダ,東京都北区赤羽南１,"
ＪＲ京浜東北線/赤羽駅 歩5分
東京メトロ南北線/志茂駅 歩9分
東京メトロ南北線/赤羽岩淵駅 歩13分
","
築37年
3階建
",3,10.9,2000.0,10.9,10.9,2K,36.52,37.0,3,5.0
第2前野マンション,東京都板橋区前野町３,"
東武東上線/ときわ台駅 歩15分
都営三田線/志村坂上駅 歩17分
ＪＲ京浜東北線/赤羽駅 バス21分 (バス停)前野町三丁目 歩4分
","
築45年
4階建
",2,7.0,,7.0,7.0,2DK,34.562,45.0,4,
ＪＲ京浜東北線 赤羽駅 3階建 築39年,東京都北区志茂２,"
ＪＲ京浜東北線/赤羽駅 歩9分
東京メトロ南北線/志茂駅 歩9分
埼玉高速鉄道/赤羽岩淵駅 歩13分
","
築39年
3階建
",3,6.8,2000.0,6.8,6.8,1DK,252.0,39.0,3,9.0
柳本ビル,東京都北区志茂２,"
ＪＲ京浜東北線/赤羽駅 歩9分
東京メトロ南北線/志茂駅 歩9分
東京メトロ南北線/赤羽岩淵駅 歩11分
","
築39年
3階建
",3,6.8,2000.0,6.8,6.8,1DK,252.0,39.0,3,9.0
レオパレスボンヌール,埼玉県戸田市氷川町２,"
ＪＲ埼京線/戸田駅 バス12分 (バス停)新曽氷川神社 歩6分
都営三田線/西高島平駅 歩31分
ＪＲ埼京線/赤羽駅 車29分(8.7km)
","
築15年
3階建
",2,6.3,7000.0,,6.3,1K,20.812,15.0,3,
レオパレスボヌール,埼玉県さいたま市南区鹿手袋６,"
ＪＲ埼京線/武蔵浦和駅 歩14分
ＪＲ武蔵野線/武蔵浦和駅 歩17分
ＪＲ埼京線/赤羽駅 車41分(13.9km)
","
築15年
3階建
",2,6.3,7000.0,,6.3,1K,19.872,15.0,3,
ブルーレジデンス赤羽III,東京都北区赤羽台３,"
ＪＲ埼京線/赤羽駅 歩10分
ＪＲ高崎線/赤羽駅 歩10分
東京メトロ南北線/赤羽岩淵駅 歩9分
","
築5年
3階建
",1,6.6,4000.0,,,1K,16.332,5.0,3,10.0
ミランダオカムラハイツ４,埼玉県川口市元郷５,"
埼玉高速鉄道/川口元郷駅 歩14分
ＪＲ京浜東北線/川口駅 バス15分 (バス停)元郷一丁目 歩5分
ＪＲ埼京線/赤羽駅 車13分(4.1km)
","
築7年
3階建
",3,6.4,7000.0,,6.4,1K,21.242,7.0,3,
レオネクストフジハイム,埼玉県さいたま市緑区松木３,"
ＪＲ武蔵野線/東浦和駅 バス15分 (バス停)松ノ木東公園 歩7分
ＪＲ京浜東北線/さいたま新都心駅 車21分(6.7km)
ＪＲ高崎線/赤羽駅 車45分(16.3km)
","
築13年
2階建
",2,6.7,5000.0,,,1K,41.42,13.0,2,
クレイノヌーヴェル　リュンヌ,埼玉県さいたま市緑区原山３,"
埼玉高速鉄道/浦和美園駅 バス17分 (バス停)道祖土入口 歩3分
ＪＲ京浜東北線/浦和駅 バス18分 (バス停)道祖土入口 歩3分
ＪＲ埼京線/赤羽駅 車42分(14.9km)
","
築5年
3階建
",1,6.7,7000.0,,,1K,22.252,5.0,3,
レオパレスリモーネIV,埼玉県川口市芝樋ノ爪１,"
ＪＲ京浜東北線/蕨駅 歩10分
ＪＲ山手線/池袋駅 車41分(13.2km)
ＪＲ埼京線/赤羽駅 車28分(8.3km)
","
築14年
3階建
",3,6.7,7000.0,,6.7,1K,20.812,14.0,3,
リバプール21,埼玉県川口市元郷３,"
埼玉高速鉄道/川口元郷駅 歩15分
ＪＲ京浜東北線/川口駅 歩26分
ＪＲ京浜東北線/赤羽駅 歩34分
","
築30年
3階建
",2,7.2,3000.0,7.2,,2DK,402.0,30.0,3,34.0
サンドエル,東京都北区赤羽西２,"
ＪＲ京浜東北線/赤羽駅 歩12分
ＪＲ京浜東北線/東十条駅 歩18分
都営三田線/本蓮沼駅 歩20分
","
築15年
2階建
",1,7.2,3000.0,3.6,7.2,1K,26.442,15.0,2,12.0
ＪＲ京浜東北線 赤羽駅 3階建 築20年,東京都北区赤羽西４,"
ＪＲ京浜東北線/赤羽駅 歩9分
都営三田線/本蓮沼駅 歩19分

","
築20年
3階建
",1,7.3,3000.0,7.3,,1K,24.782,20.0,3,9.0
クレイノ彩V,埼玉県さいたま市南区白幡６,"
ＪＲ埼京線/武蔵浦和駅 歩14分
ＪＲ武蔵野線/武蔵浦和駅 歩15分
ＪＲ埼京線/赤羽駅 車36分(11.4km)
","
築6年
3階建
",2,6.9,7000.0,,6.9,1K,21.112,6.0,3,
パークサイド赤羽,東京都北区赤羽西３,"
ＪＲ京浜東北線/赤羽駅 歩9分
ＪＲ埼京線/赤羽駅 歩9分
ＪＲ宇都宮線/赤羽駅 歩9分
","
築19年
3階建
",1,7.4,3000.0,,3.7,1K,24.632,19.0,3,9.0
ココキューブ赤羽,東京都北区赤羽２,"
東京メトロ南北線/赤羽岩淵駅 歩5分
ＪＲ京浜東北線/赤羽駅 歩9分
東京メトロ南北線/志茂駅 歩14分
","
築10年
4階建
",1,7.8,,,7.8,ワンルーム,18.672,10.0,4,9.0
ココキューブ赤羽,東京都北区赤羽２,"
東京メトロ南北線/赤羽岩淵駅 歩5分
ＪＲ京浜東北線/赤羽駅 歩9分
東京メトロ南北線/志茂駅 歩14分
","
築10年
4階建
",4,8.4,,,8.4,1K,18.892,10.0,4,9.0
レオネクストリバーシティ本町,埼玉県川口市本町１,"
ＪＲ京浜東北線/川口駅 歩16分
ＪＲ山手線/池袋駅 車32分(10.1km)
ＪＲ埼京線/赤羽駅 車9分(2.7km)
","
築12年
3階建
",1,7.2,7000.0,,7.2,1K,26.082,12.0,3,
レオネクストリバーシティ本町,埼玉県川口市本町１,"
ＪＲ京浜東北線/川口駅 歩16分
ＪＲ山手線/池袋駅 車32分(10.1km)
ＪＲ埼京線/赤羽駅 車9分(2.7km)
","
築12年
3階建
",3,7.5,7000.0,,7.5,1K,26.082,12.0,3,
クレイノクレイ,埼玉県川口市芝富士１,"
ＪＲ京浜東北線/蕨駅 歩17分
ＪＲ山手線/池袋駅 車40分(13.1km)
ＪＲ埼京線/赤羽駅 車30分(9.3km)
","
築7年
3階建
",2,7.2,7000.0,,7.2,1K,24.232,7.0,3,
レオパレスセントピア,東京都北区志茂４,"
東京メトロ南北線/志茂駅 歩5分
ＪＲ埼京線/赤羽駅 歩18分
東京メトロ南北線/赤羽岩淵駅 歩15分
","
築13年
3階建
",1,7.5,5500.0,,7.5,1K,20.812,13.0,3,18.0
piccola casa 286a,東京都北区岩淵町,"
ＪＲ京浜東北線/赤羽駅 歩10分
東京メトロ南北線/赤羽岩淵駅 歩5分
東京メトロ南北線/志茂駅 歩15分
","
築10年
3階建
",1,7.6,5000.0,7.6,7.6,1K,26.232,10.0,3,10.0
ＪＲ京浜東北線 赤羽駅 3階建 築10年,東京都北区岩淵町,"
ＪＲ京浜東北線/赤羽駅 歩10分
東京メトロ南北線/赤羽岩淵駅 歩5分
東京メトロ南北線/志茂駅 歩15分
","
築10年
3階建
",1,7.6,5000.0,7.6,7.6,1K,26.232,10.0,3,10.0
レオネクストボンボネーラ,埼玉県さいたま市南区鹿手袋５,"
ＪＲ埼京線/武蔵浦和駅 歩10分
ＪＲ京浜東北線/浦和駅 車14分(3.6km)
ＪＲ埼京線/赤羽駅 車41分(14.6km)
","
築10年
3階建
",1,7.5,7000.0,,7.5,1K,25.872,10.0,3,
ｂ’ＣＡＳＡ　ＴＯＫＩＯ,東京都北区十条仲原３,"
ＪＲ京浜東北線/東十条駅 歩7分
ＪＲ埼京線/赤羽駅 歩19分
ＪＲ埼京線/十条駅 歩10分
","
築9年
5階建
",4,7.7,5000.0,,7.7,1K,252.0,9.0,5,19.0
プレール・ドゥーク王子神谷,東京都北区神谷１,"
東京メトロ南北線/王子神谷駅 歩4分
ＪＲ京浜東北線/赤羽駅 歩27分
ＪＲ京浜東北線/東十条駅 歩15分
","
築17年
9階建
",3,8.4,10000.0,,8.4,1K,27.062,17.0,9,27.0
プレール・ドゥーク王子神谷,東京都北区神谷１,"
東京メトロ南北線/王子神谷駅 歩4分
ＪＲ京浜東北線/赤羽駅 歩27分
ＪＲ京浜東北線/東十条駅 歩15分
","
築17年
9階建
",3,7.5,8000.0,,7.5,1K,25.572,17.0,9,27.0
東京メトロ南北線 王子神谷駅 9階建 築17年,東京都北区神谷１,"
東京メトロ南北線/王子神谷駅 歩4分
ＪＲ京浜東北線/赤羽駅 歩27分
ＪＲ京浜東北線/東十条駅 歩15分
","
築17年
9階建
",3,8.4,10000.0,,8.4,1K,27.062,17.0,9,27.0
東京メトロ南北線 王子神谷駅 9階建 築17年,東京都北区神谷１,"
東京メトロ南北線/王子神谷駅 歩4分
ＪＲ京浜東北線/赤羽駅 歩27分
ＪＲ京浜東北線/東十条駅 歩15分
","
築17年
9階建
",3,7.5,8000.0,,7.5,1K,25.572,17.0,9,27.0
東京メトロ南北線 王子神谷駅 9階建 築17年,東京都北区神谷１,"
東京メトロ南北線/王子神谷駅 歩4分
ＪＲ京浜東北線/赤羽駅 歩27分
ＪＲ京浜東北線/東十条駅 歩15分
","
築17年
9階建
",3,9.5,10500.0,,,1K,26.272,17.0,9,27.0
lana aina,東京都北区赤羽台４,"
ＪＲ埼京線/北赤羽駅 歩9分
東京メトロ南北線/赤羽岩淵駅 歩11分
ＪＲ埼京線/赤羽駅 歩12分
","
築9年
2階建
",2,8.0,3000.0,,8.0,1K,23.882,9.0,2,12.0
セリュークス板橋本町,東京都板橋区本町,"
都営三田線/板橋本町駅 歩2分
都営三田線/本蓮沼駅 歩12分
ＪＲ京浜東北線/赤羽駅 バス19分 (バス停)大和町 歩4分
","
築15年
10階建
",4,7.7,6000.0,,7.7,1K,22.812,15.0,10,
ＪＲ京浜東北線 東十条駅 10階建 築14年,東京都北区東十条４,"
ＪＲ京浜東北線/東十条駅 歩5分
ＪＲ埼京線/赤羽駅 歩15分
東京メトロ南北線/王子神谷駅 歩13分
","
築14年
10階建
",5,7.9,6000.0,7.9,7.9,1K,21.792,14.0,10,15.0
めぐみ,東京都北区赤羽西４,"
ＪＲ京浜東北線/赤羽駅 歩11分
都営三田線/本蓮沼駅 歩17分
ＪＲ埼京線/十条駅 歩23分
","
築4年
2階建
",1,8.1,5500.0,,8.1,1K,22.752,4.0,2,11.0
窪田コーポ,東京都北区志茂２,"
ＪＲ京浜東北線/赤羽駅 歩6分
東京メトロ南北線/志茂駅 歩8分
東京メトロ南北線/赤羽岩淵駅 歩12分
","
築49年
地下2地上2階建
",1,8.5,2000.0,8.5,,2K,36.52,49.0,2,6.0
レオネクストＫＥＮ　II,東京都北区西が丘１,"
都営三田線/本蓮沼駅 歩11分
ＪＲ埼京線/赤羽駅 歩22分

","
築13年
2階建
",1,8.3,5500.0,,8.3,1K,21.752,13.0,2,22.0
レオネクストＫＥＮ　II,東京都北区西が丘１,"
都営三田線/本蓮沼駅 歩11分
ＪＲ埼京線/赤羽駅 歩22分

","
築13年
2階建
",2,8.6,5500.0,,8.6,1K,26.652,13.0,2,22.0
レオネクストＫＥＮ　II,東京都北区西が丘１,"
都営三田線/本蓮沼駅 歩11分
ＪＲ埼京線/赤羽駅 歩22分

","
築13年
2階建
",1,8.8,5500.0,,8.8,1K,25.62,13.0,2,22.0
メゾン桐生,東京都北区赤羽２,"
ＪＲ京浜東北線/赤羽駅 歩5分
東京メトロ南北線/赤羽岩淵駅 歩5分
東京メトロ南北線/志茂駅 歩15分
","
築21年
7階建
",4,8.4,5000.0,8.4,8.4,1K,252.0,21.0,7,5.0
レオパレスノール,東京都北区志茂３,"
東京メトロ南北線/志茂駅 歩4分
ＪＲ京浜東北線/赤羽駅 歩19分
東京メトロ南北線/赤羽岩淵駅 歩16分
","
築14年
3階建
",2,8.4,5500.0,,8.4,1K,19.872,14.0,3,19.0
レオパレスノール,東京都北区志茂３,"
東京メトロ南北線/志茂駅 歩4分
ＪＲ京浜東北線/赤羽駅 歩19分
東京メトロ南北線/赤羽岩淵駅 歩16分
","
築14年
3階建
",2,8.5,5500.0,,8.5,1K,19.872,14.0,3,19.0
Ｒｉｃｈ　Ｐｒｏｓｐｅｒ,東京都足立区皿沼１,"
日暮里・舎人ライナー/舎人公園駅 歩12分
日暮里・舎人ライナー/谷在家駅 歩14分
ＪＲ京浜東北線/赤羽駅 バス32分 (バス停)皿沼一丁目 歩2分
","
築15年
5階建
",3,8.3,7000.0,8.3,,1LDK,45.632,15.0,5,
レオネクスト近藤,東京都北区赤羽３,"
ＪＲ京浜東北線/赤羽駅 歩8分
東京メトロ南北線/赤羽岩淵駅 歩4分

","
築9年
2階建
",1,8.6,5500.0,,8.6,1K,20.442,9.0,2,8.0
レオネクスト近藤,東京都北区赤羽３,"
ＪＲ京浜東北線/赤羽駅 歩8分
東京メトロ南北線/赤羽岩淵駅 歩4分

","
築9年
2階建
",1,8.6,5500.0,,8.6,1K,20.382,9.0,2,8.0
ＪＲ埼京線 赤羽駅 6階建 築54年,東京都北区赤羽西１,"
ＪＲ埼京線/赤羽駅 歩3分
埼玉高速鉄道/赤羽岩淵駅 歩11分
東京メトロ南北線/志茂駅 歩19分
","
築54年
6階建
",4,8.5,7000.0,8.5,8.5,1DK,362.0,54.0,6,3.0
アルテシモ　ルーチェ,東京都北区岩淵町,"
ＪＲ京浜東北線/赤羽駅 歩12分
東京メトロ南北線/赤羽岩淵駅 歩5分
東京メトロ南北線/志茂駅 歩11分
","
築12年
12階建
",12,8.2,10000.0,,8.2,1K,25.642,12.0,12,12.0
ＬｉｖｅＣａｓａ　Ｉｔａｂａｓｈｉ　Ｈａｓｕｎｅ,東京都板橋区蓮根１,"
都営三田線/蓮根駅 歩9分
都営三田線/志村三丁目駅 歩15分
ＪＲ京浜東北線/赤羽駅 バス17分 (バス停)志村健康福祉センター 歩1分
","
築8年
4階建
",4,9.0,8000.0,9.0,9.0,1K,35.062,8.0,4,
La Douceur志茂,東京都北区志茂５,"
東京メトロ南北線/志茂駅 歩10分
東京メトロ南北線/赤羽岩淵駅 歩12分
ＪＲ京浜東北線/赤羽駅 歩19分
","
築2年
8階建
",3,9.0,10000.0,9.0,,1DK,25.922,2.0,8,19.0
La Douceur志茂,東京都北区志茂５,"
東京メトロ南北線/志茂駅 歩10分
東京メトロ南北線/赤羽岩淵駅 歩12分
ＪＲ京浜東北線/赤羽駅 歩19分
","
築2年
8階建
",4,9.5,10000.0,9.5,,1DK,25.922,2.0,8,19.0
東京メトロ南北線 志茂駅 8階建 築2年,東京都北区志茂５,"
東京メトロ南北線/志茂駅 歩10分
ＪＲ埼京線/赤羽駅 歩18分
東京メトロ南北線/赤羽岩淵駅 歩12分
","
築2年
8階建
",3,9.0,10000.0,9.0,,1DK,25.922,2.0,8,18.0
東京メトロ南北線 志茂駅 8階建 築2年,東京都北区志茂５,"
東京メトロ南北線/志茂駅 歩10分
ＪＲ埼京線/赤羽駅 歩18分
東京メトロ南北線/赤羽岩淵駅 歩12分
","
築2年
8階建
",4,9.5,10000.0,9.5,,1DK,25.922,2.0,8,18.0
ヴィラージュシャルマンIII,東京都北区神谷２,"
ＪＲ京浜東北線/赤羽駅 歩12分
ＪＲ京浜東北線/東十条駅 歩12分
東京メトロ南北線/王子神谷駅 歩17分
","
築16年
3階建
",1,9.9,5000.0,,9.9,ワンルーム,43.472,16.0,3,12.0
ヴィラージュシャルマン,東京都北区神谷２,"
ＪＲ京浜東北線/赤羽駅 歩12分
東京メトロ南北線/志茂駅 歩17分
ＪＲ京浜東北線/東十条駅 歩14分
","
築22年
3階建
",2,10.0,4000.0,,10.0,1LDK,39.742,22.0,3,12.0
レジデンス神谷Ｂ,東京都北区神谷３,"
ＪＲ京浜東北線/赤羽駅 歩15分
ＪＲ京浜東北線/東十条駅 歩10分
東京メトロ南北線/王子神谷駅 歩12分
","
築31年
3階建
",2,10.0,5000.0,,,2LDK,43.422,31.0,3,15.0
アトラスカーロ赤羽,東京都北区浮間３,"
ＪＲ埼京線/北赤羽駅 歩5分
ＪＲ埼京線/浮間舟渡駅 歩17分
ＪＲ埼京線/赤羽駅 歩31分
","
築5年
4階建
",1,9.8,10000.0,9.8,,1LDK,38.552,5.0,4,31.0
オルサス赤羽イースト,東京都北区志茂２,"
東京メトロ南北線/志茂駅 歩4分
ＪＲ埼京線/赤羽駅 歩13分
東京メトロ南北線/赤羽岩淵駅 歩14分
","
築1年
10階建
",2,9.8,10000.0,9.8,9.8,1DK,25.242,1.0,10,13.0
レオネクストウィスタリアIII,東京都北区赤羽１,"
ＪＲ京浜東北線/赤羽駅 歩5分
東京メトロ南北線/赤羽岩淵駅 歩6分
東京メトロ南北線/志茂駅 歩16分
","
築13年
10階建
",9,10.1,8000.0,,10.1,1K,24.082,13.0,10,5.0
レオネクストウィスタリアIII,東京都北区赤羽１,"
ＪＲ京浜東北線/赤羽駅 歩5分
東京メトロ南北線/赤羽岩淵駅 歩6分
東京メトロ南北線/志茂駅 歩16分
","
築13年
10階建
",4,10.1,8000.0,,10.1,1K,24.082,13.0,10,5.0
ＪＲ埼京線 赤羽駅 3階建 築11年,東京都北区赤羽西３,"
ＪＲ埼京線/赤羽駅 歩16分
ＪＲ埼京線/十条駅 歩17分
ＪＲ京浜東北線/東十条駅 歩18分
","
築11年
3階建
",3,11.4,5000.0,11.4,,1LDK,45.472,11.0,3,16.0
ＪＲ埼京線 赤羽駅 3階建 築11年,東京都北区赤羽西３,"
ＪＲ埼京線/赤羽駅 歩16分
ＪＲ埼京線/十条駅 歩17分
ＪＲ京浜東北線/東十条駅 歩18分
","
築11年
3階建
",3,11.3,5000.0,11.3,11.3,1LDK,41.852,11.0,3,16.0
ＪＲ京浜東北線 赤羽駅 2階建 築59年,東京都北区志茂３,"
ＪＲ京浜東北線/赤羽駅 歩18分
東京メトロ南北線/志茂駅 歩6分

","
築59年
2階建
",1-2,11.5,5000.0,11.5,11.5,4DK,842.0,59.0,2,18.0
ＪＲ京浜東北線 赤羽駅 6階建 築41年,東京都北区赤羽１,"
ＪＲ京浜東北線/赤羽駅 歩7分
東京メトロ南北線/赤羽岩淵駅 歩3分
ＪＲ埼京線/北赤羽駅 歩23分
","
築41年
6階建
",5,11.2,8000.0,11.2,11.2,ワンルーム,36.722,41.0,6,7.0
ＪＲ埼京線 赤羽駅 8階建 築25年,東京都北区岩淵町,"
ＪＲ埼京線/赤羽駅 歩10分
東京メトロ南北線/赤羽岩淵駅 歩3分
東京メトロ南北線/志茂駅 歩19分
","
築25年
8階建
",7,11.9,5000.0,11.9,11.9,2DK,45.312,25.0,8,10.0
Ever Grace,東京都北区岩淵町,"
東京メトロ南北線/赤羽岩淵駅 歩3分
ＪＲ京浜東北線/赤羽駅 歩10分
東京メトロ南北線/志茂駅 歩19分
","
築25年
8階建
",3,11.9,5000.0,11.9,11.9,2DK,45.312,25.0,8,10.0
ＪＲ京浜東北線 赤羽駅 3階建 築6年,東京都足立区鹿浜３,"
ＪＲ京浜東北線/赤羽駅 バス15分 (バス停)鹿浜三丁目 歩1分


","
築6年
3階建
",2,12.0,5000.0,,,2LDK,58.382,6.0,3,
Kourt K2,東京都北区神谷２,"
東京メトロ南北線/志茂駅 歩14分
ＪＲ京浜東北線/東十条駅 歩14分
ＪＲ埼京線/赤羽駅 歩18分
","
築19年
8階建
",3,13.5,,13.5,13.5,2LDK,64.642,19.0,8,18.0
プラン赤羽,東京都北区赤羽西１,"
ＪＲ京浜東北線/赤羽駅 歩3分
ＪＲ埼京線/赤羽駅 歩3分
埼玉高速鉄道/赤羽岩淵駅 歩11分
","
築17年
地下1地上5階建
",4,15.7,7000.0,15.7,15.7,1LDK,47.192,17.0,5,3.0
十条仲原３丁目戸建て,東京都北区十条仲原３,"
ＪＲ京浜東北線/東十条駅 歩12分
ＪＲ埼京線/十条駅 歩11分
ＪＲ埼京線/赤羽駅 歩15分
","
築4年
3階建
",-,27.0,,27.0,27.0,3LDK,78.162,4.0,3,15.0
十条仲原３丁目戸建て,東京都北区十条仲原３,"
ＪＲ京浜東北線/東十条駅 歩12分
ＪＲ埼京線/十条駅 歩11分
ＪＲ埼京線/赤羽駅 歩15分
","
築4年
3階建
",1,28.0,,56.0,28.0,3LDK,78.162,4.0,3,15.0
十条仲原３丁目戸建て,東京都北区十条仲原３,"
ＪＲ京浜東北線/東十条駅 歩12分
ＪＲ埼京線/十条駅 歩11分
ＪＲ埼京線/赤羽駅 歩15分
","
築4年
3階建
",1-3,28.0,,56.0,28.0,3LDK,78.162,4.0,3,15.0
ＪＲ京浜東北線 東十条駅 3階建 築4年,東京都北区十条仲原３,"
ＪＲ京浜東北線/東十条駅 歩10分
ＪＲ埼京線/十条駅 歩11分
ＪＲ京浜東北線/赤羽駅 歩17分
","
築4年
3階建
",-,28.0,,56.0,28.0,3LDK,78.162,4.0,3,17.0
ＪＲ京浜東北線 赤羽駅 2階建 築62年,東京都北区志茂２,"
ＪＲ京浜東北線/赤羽駅 歩13分
東京メトロ南北線/志茂駅 歩5分
東京メトロ南北線/赤羽岩淵駅 歩12分
","
築62年
2階建
",2,2.3,,,,ワンルーム,122.0,62.0,2,13.0
ＪＲ京浜東北線 赤羽駅 2階建 築54年,東京都北区志茂２,"
ＪＲ京浜東北線/赤羽駅 歩9分
東京メトロ南北線/志茂駅 歩7分
東京メトロ南北線/赤羽岩淵駅 歩13分
","
築54年
2階建
",2,4.0,,,,1K,202.0,54.0,2,9.0
米山方,東京都北区志茂３,"
ＪＲ京浜東北線/赤羽駅 歩15分
東京メトロ南北線/志茂駅 歩2分

","
築54年
2階建
",2,4.0,,4.0,4.0,1K,19.872,54.0,2,15.0
NKハイム元郷,埼玉県川口市元郷３,"
埼玉高速鉄道/川口元郷駅 歩14分
ＪＲ京浜東北線/赤羽駅 バス15分 (バス停)門樋下 歩4分
ＪＲ京浜東北線/川口駅 歩25分
","
築32年
2階建
",2,3.9,3000.0,,,1K,13.552,32.0,2,
鹿浜マンション,東京都足立区鹿浜２,"
東武伊勢崎線/西新井駅 バス13分 (バス停)鹿浜 歩2分
ＪＲ京浜東北線/赤羽駅 バス30分 (バス停)鹿浜 歩2分
日暮里・舎人ライナー/西新井大師西駅 歩26分
","
築31年
3階建
",2,4.0,4000.0,,,ワンルーム,16.52,31.0,3,
鹿浜マンション,東京都足立区鹿浜２,"
東武伊勢崎線/西新井駅 バス13分 (バス停)鹿浜 歩2分
ＪＲ京浜東北線/赤羽駅 バス30分 (バス停)鹿浜 歩2分
日暮里・舎人ライナー/西新井大師西駅 歩26分
","
築31年
3階建
",3,5.0,4000.0,,,2K,29.812,31.0,3,
メゾン大洋　ＰＡＲＴ２,埼玉県川口市領家４,"
埼玉高速鉄道/川口元郷駅 歩28分
ＪＲ京浜東北線/赤羽駅 バス15分 (バス停)榎木橋 歩4分
日暮里・舎人ライナー/谷在家駅 歩30分
","
築31年
4階建
",4,4.3,4000.0,,,ワンルーム,18.52,31.0,4,
メゾン大洋　ＰＡＲＴ２,埼玉県川口市領家４,"
埼玉高速鉄道/川口元郷駅 歩28分
ＪＲ京浜東北線/赤羽駅 バス15分 (バス停)榎木橋 歩4分
日暮里・舎人ライナー/谷在家駅 歩30分
","
築31年
4階建
",3,4.4,4000.0,,,ワンルーム,18.52,31.0,4,
メゾン大洋　ＰＡＲＴ２,埼玉県川口市領家４,"
埼玉高速鉄道/川口元郷駅 歩28分
ＪＲ京浜東北線/赤羽駅 バス15分 (バス停)榎木橋 歩4分
日暮里・舎人ライナー/谷在家駅 歩30分
","
築31年
4階建
",4,4.4,,,,ワンルーム,18.52,31.0,4,
メゾン大洋　ＰＡＲＴ２,埼玉県川口市領家４,"
埼玉高速鉄道/川口元郷駅 歩28分
ＪＲ京浜東北線/赤羽駅 バス15分 (バス停)榎木橋 歩4分
日暮里・舎人ライナー/谷在家駅 歩30分
","
築31年
4階建
",3,4.4,4000.0,,,ワンルーム,18.52,31.0,4,
メゾン大洋　ＰＡＲＴ２,埼玉県川口市領家４,"
埼玉高速鉄道/川口元郷駅 歩28分
ＪＲ京浜東北線/赤羽駅 バス15分 (バス停)榎木橋 歩4分
日暮里・舎人ライナー/谷在家駅 歩30分
","
築31年
4階建
",3,4.4,4000.0,,,ワンルーム,18.52,31.0,4,
メゾン大洋　ＰＡＲＴ２,埼玉県川口市領家４,"
埼玉高速鉄道/川口元郷駅 歩28分
ＪＲ京浜東北線/赤羽駅 バス15分 (バス停)榎木橋 歩4分
日暮里・舎人ライナー/谷在家駅 歩30分
","
築31年
4階建
",3,4.4,4000.0,,,ワンルーム,18.52,31.0,4,
Ｆｌｅｕｒ赤羽,東京都北区東十条５,"
ＪＲ京浜東北線/赤羽駅 歩11分
ＪＲ京浜東北線/東十条駅 歩8分
東京メトロ南北線/王子神谷駅 歩18分
","
築20年
2階建
",1,4.8,3000.0,,,ワンルーム,13.72,20.0,2,11.0
Ｆｌｅｕｒ赤羽,東京都北区東十条５,"
ＪＲ京浜東北線/赤羽駅 歩11分
ＪＲ京浜東北線/東十条駅 歩8分
東京メトロ南北線/王子神谷駅 歩18分
","
築20年
2階建
",2,4.5,3000.0,,,ワンルーム,11.282,20.0,2,11.0
ＪＲ埼京線 赤羽駅 2階建 築20年,東京都北区東十条５,"
ＪＲ埼京線/赤羽駅 歩16分
ＪＲ京浜東北線/東十条駅 歩12分
東京メトロ南北線/王子神谷駅 歩16分
","
築20年
2階建
",2,4.5,3000.0,,,ワンルーム,11.282,20.0,2,16.0
きらく荘,東京都北区赤羽西４,"
ＪＲ京浜東北線/赤羽駅 歩13分
都営三田線/本蓮沼駅 歩15分
東京メトロ南北線/赤羽岩淵駅 歩24分
","
築49年
2階建
",1,5.0,,,,ワンルーム,232.0,49.0,2,13.0
きらく荘,東京都北区赤羽西４,"
ＪＲ京浜東北線/赤羽駅 歩13分
都営三田線/本蓮沼駅 歩15分
東京メトロ南北線/赤羽岩淵駅 歩24分
","
築49年
2階建
",1,4.9,,,,ワンルーム,232.0,49.0,2,13.0
きらく荘,東京都北区赤羽西４,"
ＪＲ京浜東北線/赤羽駅 歩13分
都営三田線/本蓮沼駅 歩15分
東京メトロ南北線/赤羽岩淵駅 歩24分
","
築49年
2階建
",1,4.9,,,,ワンルーム,232.0,49.0,2,13.0
きらく荘,東京都北区赤羽西４,"
ＪＲ京浜東北線/赤羽駅 歩13分
都営三田線/本蓮沼駅 歩15分
東京メトロ南北線/赤羽岩淵駅 歩24分
","
築49年
2階建
",1,5.0,,,,1K,232.0,49.0,2,13.0
きらく荘,東京都北区赤羽西４,"
ＪＲ京浜東北線/赤羽駅 歩13分
都営三田線/本蓮沼駅 歩15分
東京メトロ南北線/赤羽岩淵駅 歩24分
","
築49年
2階建
",1,5.12,,,,1K,232.0,49.0,2,13.0
きらく荘,東京都北区赤羽西４,"
ＪＲ京浜東北線/赤羽駅 歩13分
都営三田線/本蓮沼駅 歩15分
東京メトロ南北線/赤羽岩淵駅 歩24分
","
築49年
2階建
",1,5.12,,,,1K,232.0,49.0,2,13.0
リバーサイドイワセＢ,東京都北区赤羽３,"
東京メトロ南北線/赤羽岩淵駅 歩8分
ＪＲ京浜東北線/赤羽駅 歩15分
ＪＲ埼京線/北赤羽駅 歩16分
","
築31年
2階建
",2,4.6,4000.0,2.3,2.3,1K,20.092,31.0,2,15.0
レオパレスＢｒｉｌｌｉａｎｃｅ,埼玉県さいたま市桜区大字白鍬,"
ＪＲ埼京線/与野本町駅 バス16分 (バス停)在家橋通り 歩2分
ＪＲ埼京線/与野本町駅 歩29分
ＪＲ埼京線/赤羽駅 車51分(19.0km)
","
築21年
2階建
",1,4.6,5000.0,,,1K,19.872,21.0,2,
レオパレスＢｒｉｌｌｉａｎｃｅ,埼玉県さいたま市桜区大字白鍬,"
ＪＲ埼京線/与野本町駅 バス16分 (バス停)在家橋通り 歩2分
ＪＲ埼京線/与野本町駅 歩29分
ＪＲ埼京線/赤羽駅 車51分(19.0km)
","
築21年
2階建
",2,4.5,5000.0,,,1K,19.872,21.0,2,
ハイツ平岩,東京都北区赤羽北３,"
ＪＲ埼京線/北赤羽駅 歩7分
ＪＲ京浜東北線/赤羽駅 歩17分
東京メトロ南北線/赤羽岩淵駅 歩19分
","
築29年
2階建
",1,5.0,,5.0,5.0,ワンルーム,152.0,29.0,2,17.0
ＪＲ京浜東北線 川口駅 3階建 築28年,埼玉県川口市金山町,"
ＪＲ京浜東北線/川口駅 歩7分
埼玉高速鉄道/川口元郷駅 歩18分
ＪＲ京浜東北線/赤羽駅 歩37分
","
築28年
3階建
",2,4.7,3000.0,,,ワンルーム,152.0,28.0,3,37.0
東京メトロ南北線 志茂駅 2階建 築32年,東京都北区志茂５,"
東京メトロ南北線/志茂駅 歩8分
東京メトロ南北線/赤羽岩淵駅 歩10分
ＪＲ埼京線/赤羽駅 歩14分
","
築32年
2階建
",1,5.1,,5.1,,1K,17.652,32.0,2,14.0
ＪＲ京浜東北線 東十条駅 2階建 築37年,東京都北区東十条６,"
ＪＲ京浜東北線/東十条駅 歩13分
ＪＲ埼京線/赤羽駅 歩14分
東京メトロ南北線/王子神谷駅 歩19分
","
築37年
2階建
",2,4.8,3000.0,,,ワンルーム,172.0,37.0,2,14.0
メゾンＴＳ,東京都北区赤羽西３,"
ＪＲ京浜東北線/赤羽駅 歩13分
都営三田線/本蓮沼駅 歩17分
ＪＲ京浜東北線/東十条駅 歩19分
","
築51年
2階建
",1,5.2,,,,1K,19.42,51.0,2,13.0
メゾンＴＳ,東京都北区赤羽西３,"
ＪＲ京浜東北線/赤羽駅 歩13分
都営三田線/本蓮沼駅 歩17分
ＪＲ京浜東北線/東十条駅 歩19分
","
築51年
2階建
",1,5.3,,,5.3,1DK,232.0,51.0,2,13.0
メゾンＴＳ,東京都北区赤羽西３,"
ＪＲ京浜東北線/赤羽駅 歩13分
都営三田線/本蓮沼駅 歩17分
ＪＲ京浜東北線/東十条駅 歩19分
","
築51年
2階建
",1,5.3,1000.0,,,1K,202.0,51.0,2,13.0
レオパレスＳＡＴＯ,埼玉県川口市大字里,"
埼玉高速鉄道/鳩ヶ谷駅 歩15分
埼玉高速鉄道/新井宿駅 歩15分
ＪＲ埼京線/赤羽駅 車22分(8.1km)
","
築21年
2階建
",2,4.7,5000.0,,,1K,19.872,21.0,2,
ＪＲ京浜東北線 赤羽駅 2階建 築51年,東京都北区赤羽西３,"
ＪＲ京浜東北線/赤羽駅 歩12分
都営三田線/本蓮沼駅 歩15分
ＪＲ京浜東北線/東十条駅 歩18分
","
築51年
2階建
",1,5.3,1000.0,,,ワンルーム,19.442,51.0,2,12.0
ＪＲ京浜東北線 赤羽駅 2階建 築51年,東京都北区赤羽西３,"
ＪＲ京浜東北線/赤羽駅 歩12分
都営三田線/本蓮沼駅 歩15分
ＪＲ京浜東北線/東十条駅 歩18分
","
築51年
2階建
",1,5.3,,,5.3,1K,202.0,51.0,2,12.0
リバーシティI,東京都北区志茂４,"
東京メトロ南北線/志茂駅 歩7分
東京メトロ南北線/赤羽岩淵駅 歩18分
ＪＲ京浜東北線/赤羽駅 歩15分
","
築31年
2階建
",2,5.3,,,,1K,16.612,31.0,2,15.0
リバーシティI,東京都北区志茂４,"
東京メトロ南北線/志茂駅 歩7分
東京メトロ南北線/赤羽岩淵駅 歩18分
ＪＲ京浜東北線/赤羽駅 歩15分
","
築31年
2階建
",2,5.3,,,,ワンルーム,202.0,31.0,2,15.0
リバーシティI,東京都北区志茂４,"
東京メトロ南北線/志茂駅 歩7分
東京メトロ南北線/赤羽岩淵駅 歩18分
ＪＲ京浜東北線/赤羽駅 歩15分
","
築31年
2階建
",2,5.5,,,,ワンルーム,18.52,31.0,2,15.0
レオパレスかなめ２,埼玉県さいたま市西区三橋５,"
ＪＲ京浜東北線/大宮駅 バス17分 (バス停)水判土 歩7分
ＪＲ埼京線/大宮駅 バス17分 (バス停)水判土 歩7分
ＪＲ埼京線/赤羽駅 車56分(21.2km)
","
築20年
2階建
",2,5.0,5000.0,,,1K,19.872,20.0,2,
レオパレスかなめ２,埼玉県さいたま市西区三橋５,"
ＪＲ京浜東北線/大宮駅 バス17分 (バス停)水判土 歩7分
ＪＲ埼京線/大宮駅 バス17分 (バス停)水判土 歩7分
ＪＲ埼京線/赤羽駅 車56分(21.2km)
","
築20年
2階建
",2,5.1,5000.0,,,1K,19.872,20.0,2,
レオパレスかなめ２,埼玉県さいたま市西区三橋５,"
ＪＲ京浜東北線/大宮駅 バス17分 (バス停)水判土 歩7分
ＪＲ埼京線/大宮駅 バス17分 (バス停)水判土 歩7分
ＪＲ埼京線/赤羽駅 車56分(21.2km)
","
築20年
2階建
",1,4.8,5000.0,,,1K,19.872,20.0,2,
レオパレスかなめ２,埼玉県さいたま市西区三橋５,"
ＪＲ京浜東北線/大宮駅 バス17分 (バス停)水判土 歩7分
ＪＲ埼京線/大宮駅 バス17分 (バス停)水判土 歩7分
ＪＲ埼京線/赤羽駅 車56分(21.2km)
","
築20年
2階建
",1,4.8,5000.0,,,1K,19.872,20.0,2,
レオパレスかなめ２,埼玉県さいたま市西区三橋５,"
ＪＲ京浜東北線/大宮駅 バス17分 (バス停)水判土 歩7分
ＪＲ埼京線/大宮駅 バス17分 (バス停)水判土 歩7分
ＪＲ埼京線/赤羽駅 車56分(21.2km)
","
築20年
2階建
",2,5.0,5000.0,,,1K,19.872,20.0,2,
レオパレスかなめ２,埼玉県さいたま市西区三橋５,"
ＪＲ京浜東北線/大宮駅 バス17分 (バス停)水判土 歩7分
ＪＲ埼京線/大宮駅 バス17分 (バス停)水判土 歩7分
ＪＲ埼京線/赤羽駅 車56分(21.2km)
","
築20年
2階建
",2,5.0,5000.0,,,1K,19.872,20.0,2,
レオパレスかなめ２,埼玉県さいたま市西区三橋５,"
ＪＲ京浜東北線/大宮駅 バス17分 (バス停)水判土 歩7分
ＪＲ埼京線/大宮駅 バス17分 (バス停)水判土 歩7分
ＪＲ埼京線/赤羽駅 車56分(21.2km)
","
築20年
2階建
",2,5.0,5000.0,,,1K,19.872,20.0,2,
メゾン赤羽台,東京都北区赤羽台３,"
ＪＲ埼京線/赤羽駅 歩13分
東京メトロ南北線/赤羽岩淵駅 歩16分
都営三田線/本蓮沼駅 歩21分
","
築35年
2階建
",2,5.3,,5.3,5.3,ワンルーム,19.62,35.0,2,13.0
ＪＲ埼京線 赤羽駅 2階建 築35年,東京都北区赤羽台３,"
ＪＲ埼京線/赤羽駅 歩13分
東京メトロ南北線/赤羽岩淵駅 歩16分
ＪＲ埼京線/北赤羽駅 歩19分
","
築35年
2階建
",2,5.3,,5.3,5.3,ワンルーム,19.652,35.0,2,13.0
ＪＲ京浜東北線 赤羽駅 2階建 築38年,東京都北区志茂１,"
ＪＲ京浜東北線/赤羽駅 歩12分
東京メトロ南北線/志茂駅 歩7分
東京メトロ南北線/王子神谷駅 歩20分
","
築38年
2階建
",1,5.5,,5.5,5.5,1K,12.962,38.0,2,12.0
ＪＲ京浜東北線 赤羽駅 2階建 築38年,東京都北区志茂１,"
ＪＲ京浜東北線/赤羽駅 歩12分
東京メトロ南北線/志茂駅 歩7分
東京メトロ南北線/王子神谷駅 歩20分
","
築38年
2階建
",1,5.3,,5.3,5.3,ワンルーム,16.22,38.0,2,12.0
誠心パレス,東京都北区志茂１,"
ＪＲ京浜東北線/赤羽駅 歩12分
東京メトロ南北線/志茂駅 歩7分
東京メトロ南北線/王子神谷駅 歩20分
","
築38年
2階建
",1,5.3,,5.3,5.3,ワンルーム,16.22,38.0,2,12.0
誠心パレス,東京都北区志茂１,"
ＪＲ京浜東北線/赤羽駅 歩12分
東京メトロ南北線/志茂駅 歩7分
東京メトロ南北線/王子神谷駅 歩20分
","
築38年
2階建
",1,5.5,,5.5,5.5,1K,12.962,38.0,2,12.0
千曲ハイツ,東京都北区志茂３,"
東京メトロ南北線/志茂駅 歩1分
ＪＲ京浜東北線/赤羽駅 歩15分
埼玉高速鉄道/赤羽岩淵駅 歩14分
","
築47年
3階建
",2,5.5,,,5.5,1K,25.922,47.0,3,15.0
千曲ハイツ,東京都北区志茂３,"
東京メトロ南北線/志茂駅 歩1分
ＪＲ京浜東北線/赤羽駅 歩15分
埼玉高速鉄道/赤羽岩淵駅 歩14分
","
築47年
3階建
",2,5.8,,,5.8,1DK,26.42,47.0,3,15.0
アパルトマン,東京都北区岩淵町,"
ＪＲ京浜東北線/赤羽駅 歩10分
東京メトロ南北線/赤羽岩淵駅 歩3分
東京メトロ南北線/志茂駅 歩18分
","
築44年
2階建
",2,5.37,1300.0,5.37,5.37,1K,20.462,44.0,2,10.0
ＪＲ京浜東北線 東十条駅 3階建 築56年,東京都北区神谷２,"
ＪＲ京浜東北線/東十条駅 歩10分
ＪＲ埼京線/赤羽駅 歩14分
東京メトロ南北線/王子神谷駅 歩15分
","
築56年
3階建
",2,5.2,3000.0,,,1K,17.322,56.0,3,14.0
ＪＲ京浜東北線 東十条駅 3階建 築56年,東京都北区神谷２,"
ＪＲ京浜東北線/東十条駅 歩10分
ＪＲ埼京線/赤羽駅 歩14分
東京メトロ南北線/王子神谷駅 歩15分
","
築56年
3階建
",2,5.5,3000.0,,,1K,192.0,56.0,3,14.0
ＪＲ京浜東北線 東十条駅 4階建 築39年,東京都北区東十条６,"
ＪＲ京浜東北線/東十条駅 歩10分
ＪＲ埼京線/赤羽駅 歩11分
東京メトロ南北線/志茂駅 歩15分
","
築39年
4階建
",4,5.5,,,5.5,ワンルーム,17.012,39.0,4,11.0
ＪＲ京浜東北線 東十条駅 4階建 築39年,東京都北区東十条６,"
ＪＲ京浜東北線/東十条駅 歩10分
ＪＲ埼京線/赤羽駅 歩11分
東京メトロ南北線/志茂駅 歩15分
","
築39年
4階建
",4,5.5,,,5.5,1K,18.562,39.0,4,11.0
ファーランジュ８,東京都北区東十条６,"
ＪＲ京浜東北線/赤羽駅 歩11分
ＪＲ京浜東北線/東十条駅 歩10分
東京メトロ南北線/志茂駅 歩14分
","
築39年
4階建
",4,5.2,3000.0,,,ワンルーム,18.562,39.0,4,11.0
ファーランジュ８,東京都北区東十条６,"
ＪＲ京浜東北線/赤羽駅 歩11分
ＪＲ京浜東北線/東十条駅 歩10分
東京メトロ南北線/志茂駅 歩14分
","
築39年
4階建
",1,5.5,,5.5,5.5,ワンルーム,18.562,39.0,4,11.0
ＪＲ京浜東北線 東十条駅 2階建 築42年,東京都北区東十条５,"
ＪＲ京浜東北線/東十条駅 歩10分
ＪＲ京浜東北線/赤羽駅 歩15分
東京メトロ南北線/王子神谷駅 歩16分
","
築42年
2階建
",2,5.5,,5.5,,1K,17.732,42.0,2,15.0
コーポインペリア,東京都北区中十条３,"
ＪＲ埼京線/十条駅 歩10分
ＪＲ京浜東北線/東十条駅 歩6分
ＪＲ高崎線/赤羽駅 歩20分
","
築34年
2階建
",1,5.2,3000.0,,,1K,162.0,34.0,2,20.0
大野ビル,東京都北区志茂３,"
ＪＲ京浜東北線/赤羽駅 歩13分
東京メトロ南北線/志茂駅 歩2分
東京メトロ南北線/赤羽岩淵駅 歩15分
","
築38年
3階建
",2,5.35,2500.0,,5.35,1K,19.642,38.0,3,13.0
レオパレスメルベーユ,埼玉県さいたま市南区大字大谷口,"
ＪＲ京浜東北線/浦和駅 歩26分
ＪＲ京浜東北線/南浦和駅 歩36分
ＪＲ埼京線/赤羽駅 車39分(12.2km)
","
築17年
2階建
",1,5.2,5000.0,,5.2,1K,19.872,17.0,2,
レオパレスメルベーユ,埼玉県さいたま市南区大字大谷口,"
ＪＲ京浜東北線/浦和駅 歩26分
ＪＲ京浜東北線/南浦和駅 歩36分
ＪＲ埼京線/赤羽駅 車39分(12.2km)
","
築17年
2階建
",1,5.1,5000.0,,5.1,1K,19.872,17.0,2,
レオパレスメルベーユ,埼玉県さいたま市南区大字大谷口,"
ＪＲ京浜東北線/浦和駅 歩26分
ＪＲ京浜東北線/南浦和駅 歩36分
ＪＲ埼京線/赤羽駅 車39分(12.2km)
","
築17年
2階建
",1,5.1,5000.0,,5.1,1K,19.872,17.0,2,
レオパレスメルベーユ,埼玉県さいたま市南区大字大谷口,"
ＪＲ京浜東北線/浦和駅 歩26分
ＪＲ京浜東北線/南浦和駅 歩36分
ＪＲ埼京線/赤羽駅 車39分(12.2km)
","
築17年
2階建
",2,5.3,5000.0,,5.3,1K,19.872,17.0,2,
レオパレスメルベーユ,埼玉県さいたま市南区大字大谷口,"
ＪＲ京浜東北線/浦和駅 歩26分
ＪＲ京浜東北線/南浦和駅 歩36分
ＪＲ埼京線/赤羽駅 車39分(12.2km)
","
築17年
2階建
",2,5.3,5000.0,,5.3,1K,19.872,17.0,2,
レオパレスメルベーユ,埼玉県さいたま市南区大字大谷口,"
ＪＲ京浜東北線/浦和駅 歩26分
ＪＲ京浜東北線/南浦和駅 歩36分
ＪＲ埼京線/赤羽駅 車39分(12.2km)
","
築17年
2階建
",2,5.4,5000.0,,5.4,1K,19.872,17.0,2,
ノーザンロード志茂,東京都北区志茂４,"
東京メトロ南北線/志茂駅 歩9分
東京メトロ南北線/赤羽岩淵駅 歩16分
ＪＲ京浜東北線/赤羽駅 歩18分
","
築2年
3階建
",1,5.3,3000.0,,,1K,13.612,2.0,3,18.0
ノーザンロード志茂,東京都北区志茂４,"
東京メトロ南北線/志茂駅 歩9分
東京メトロ南北線/赤羽岩淵駅 歩16分
ＪＲ京浜東北線/赤羽駅 歩18分
","
築2年
3階建
",1,5.5,3000.0,,,1K,14.262,2.0,3,18.0
メゾンdeフレール赤羽,東京都北区志茂２,"
ＪＲ京浜東北線/赤羽駅 歩7分
東京メトロ南北線/志茂駅 歩7分
東京メトロ南北線/赤羽岩淵駅 歩11分
","
築37年
2階建
",2,5.6,,,,1K,122.0,37.0,2,7.0
ＪＲ京浜東北線 赤羽駅 2階建 築37年,東京都北区志茂２,"
ＪＲ京浜東北線/赤羽駅 歩7分
東京メトロ南北線/志茂駅 歩7分
東京メトロ南北線/赤羽岩淵駅 歩11分
","
築37年
2階建
",2,5.6,,,,1K,122.0,37.0,2,7.0
レオパレスシャルム,埼玉県さいたま市南区大字大谷口,"
ＪＲ京浜東北線/浦和駅 歩25分
ＪＲ京浜東北線/南浦和駅 歩36分
ＪＲ埼京線/赤羽駅 車39分(12.2km)
","
築17年
2階建
",1,5.2,5000.0,,,1K,20.282,17.0,2,
レオパレスシャルム,埼玉県さいたま市南区大字大谷口,"
ＪＲ京浜東北線/浦和駅 歩25分
ＪＲ京浜東北線/南浦和駅 歩36分
ＪＲ埼京線/赤羽駅 車39分(12.2km)
","
築17年
2階建
",2,5.4,5000.0,,,1K,20.282,17.0,2,
レオパレスはとがや,埼玉県川口市桜町１,"
埼玉高速鉄道/鳩ヶ谷駅 歩12分
埼玉高速鉄道/戸塚安行駅 歩41分
ＪＲ埼京線/赤羽駅 車22分(7.6km)
","
築20年
2階建
",2,5.2,5000.0,,5.2,1K,20.282,20.0,2,
サンライズ有明,東京都北区志茂２,"
ＪＲ京浜東北線/赤羽駅 歩10分
東京メトロ南北線/志茂駅 歩7分
東京メトロ南北線/赤羽岩淵駅 歩10分
","
築68年
2階建
",1,5.4,3000.0,,,ワンルーム,16.52,68.0,2,10.0
都営三田線 志村坂上駅 2階建 築2年,東京都板橋区小豆沢４,"
都営三田線/志村坂上駅 歩8分
ＪＲ埼京線/北赤羽駅 歩16分
ＪＲ京浜東北線/赤羽駅 歩30分
","
築2年
2階建
",1,5.3,4000.0,,,ワンルーム,10.542,2.0,2,30.0
都営三田線 志村坂上駅 2階建 築2年,東京都板橋区小豆沢４,"
都営三田線/志村坂上駅 歩8分
ＪＲ埼京線/北赤羽駅 歩16分
ＪＲ京浜東北線/赤羽駅 歩30分
","
築2年
2階建
",2,5.5,4000.0,,,ワンルーム,10.542,2.0,2,30.0
ＪＲ京浜東北線 東十条駅 2階建 築30年,東京都北区十条仲原３,"
ＪＲ京浜東北線/東十条駅 歩8分
ＪＲ埼京線/十条駅 歩11分
ＪＲ京浜東北線/赤羽駅 歩16分
","
築30年
2階建
",2,5.8,,2.9,2.9,1K,18.782,30.0,2,16.0
ＪＲ京浜東北線 東十条駅 2階建 築30年,東京都北区十条仲原３,"
ＪＲ京浜東北線/東十条駅 歩8分
ＪＲ埼京線/十条駅 歩11分
ＪＲ京浜東北線/赤羽駅 歩16分
","
築30年
2階建
",1,9.2,,4.6,4.6,2K,34.782,30.0,2,16.0
ＪＲ京浜東北線 東十条駅 2階建 築30年,東京都北区十条仲原３,"
ＪＲ京浜東北線/東十条駅 歩8分
ＪＲ埼京線/十条駅 歩11分
ＪＲ京浜東北線/赤羽駅 歩16分
","
築30年
2階建
",1,9.8,1000.0,4.9,4.9,2DK,34.52,30.0,2,16.0
エクセルハイツ,東京都北区赤羽西３,"
ＪＲ京浜東北線/赤羽駅 歩11分
ＪＲ京浜東北線/東十条駅 歩12分
ＪＲ埼京線/十条駅 歩20分
","
築36年
2階建
",2,5.6,2000.0,5.6,,1K,20.462,36.0,2,11.0
埼玉高速鉄道 川口元郷駅 4階建 築15年,埼玉県川口市元郷４,"
埼玉高速鉄道/川口元郷駅 歩10分
ＪＲ京浜東北線/川口駅 歩24分
ＪＲ埼京線/赤羽駅 バス9分 (バス停)門樋下 歩6分
","
築15年
4階建
",2,5.5,3000.0,2.75,5.5,ワンルーム,20.462,15.0,4,
レオパレスＳＨＩＭＡＤＡ,埼玉県さいたま市大宮区三橋４,"
ＪＲ京浜東北線/大宮駅 歩32分
ＪＲ京浜東北線/さいたま新都心駅 歩47分
ＪＲ埼京線/赤羽駅 車51分(20.4km)
","
築17年
2階建
",1,5.7,5000.0,,,1K,20.282,17.0,2,
レオパレスＳＨＩＭＡＤＡ,埼玉県さいたま市大宮区三橋４,"
ＪＲ京浜東北線/大宮駅 歩32分
ＪＲ京浜東北線/さいたま新都心駅 歩47分
ＪＲ埼京線/赤羽駅 車51分(20.4km)
","
築17年
2階建
",2,5.3,5000.0,,,1K,20.282,17.0,2,
レオパレスＳＨＩＭＡＤＡ,埼玉県さいたま市大宮区三橋４,"
ＪＲ京浜東北線/大宮駅 歩32分
ＪＲ京浜東北線/さいたま新都心駅 歩47分
ＪＲ埼京線/赤羽駅 車51分(20.4km)
","
築17年
2階建
",2,5.9,5000.0,,,1K,20.282,17.0,2,
ＪＲ京浜東北線 赤羽駅 2階建 築31年,東京都北区志茂２,"
ＪＲ京浜東北線/赤羽駅 歩9分
東京メトロ南北線/志茂駅 歩7分
東京メトロ南北線/赤羽岩淵駅 歩15分
","
築31年
2階建
",2,5.8,,5.8,5.8,ワンルーム,18.232,31.0,2,9.0
ＪＲ京浜東北線 赤羽駅 3階建 築30年,東京都北区志茂５,"
ＪＲ京浜東北線/赤羽駅 歩15分
東京メトロ南北線/赤羽岩淵駅 歩8分
東京メトロ南北線/志茂駅 歩9分
","
築30年
3階建
",3,5.5,3000.0,5.5,,1K,15.252,30.0,3,15.0
ＪＲ京浜東北線 赤羽駅 3階建 築30年,東京都北区志茂５,"
ＪＲ京浜東北線/赤羽駅 歩15分
東京メトロ南北線/赤羽岩淵駅 歩8分
東京メトロ南北線/志茂駅 歩9分
","
築30年
3階建
",3,5.7,3000.0,,,ワンルーム,18.172,30.0,3,15.0
パラダイスマンション,東京都北区志茂５,"
ＪＲ京浜東北線/赤羽駅 歩15分
東京メトロ南北線/赤羽岩淵駅 歩8分
東京メトロ南北線/志茂駅 歩9分
","
築30年
3階建
",3,5.5,3000.0,5.5,,1K,15.252,30.0,3,15.0
パラダイスマンション,東京都北区志茂５,"
ＪＲ京浜東北線/赤羽駅 歩15分
東京メトロ南北線/赤羽岩淵駅 歩8分
東京メトロ南北線/志茂駅 歩9分
","
築30年
3階建
",3,5.7,3000.0,,,ワンルーム,18.172,30.0,3,15.0
レオパレスビジョンノバニー,埼玉県川口市大字里,"
埼玉高速鉄道/鳩ヶ谷駅 歩10分
ＪＲ京浜東北線/西川口駅 歩54分
ＪＲ埼京線/赤羽駅 車23分(7.5km)
","
築19年
2階建
",2,5.4,5000.0,,,1K,19.872,19.0,2,
レオパレスＷＡＫＯ　３,埼玉県さいたま市浦和区木崎４,"
ＪＲ京浜東北線/与野駅 歩24分
ＪＲ京浜東北線/北浦和駅 歩29分
ＪＲ埼京線/赤羽駅 車49分(18.0km)
","
築17年
3階建
",3,5.2,7000.0,,,1K,19.872,17.0,3,
グランドール ピア,東京都北区十条仲原３,"
ＪＲ埼京線/十条駅 歩11分
ＪＲ京浜東北線/東十条駅 歩10分
ＪＲ京浜東北線/赤羽駅 歩17分
","
築34年
3階建
",3,5.8,2000.0,5.8,,1K,21.62,34.0,3,17.0
グランドール ピア,東京都北区十条仲原３,"
ＪＲ埼京線/十条駅 歩11分
ＪＲ京浜東北線/東十条駅 歩10分
ＪＲ京浜東北線/赤羽駅 歩17分
","
築34年
3階建
",2,8.8,2000.0,8.8,,2DK,38.342,34.0,3,17.0
ＪＲ京浜東北線 赤羽駅 2階建 築45年,東京都北区志茂４,"
ＪＲ京浜東北線/赤羽駅 歩15分
東京メトロ南北線/志茂駅 歩5分
東京メトロ南北線/赤羽岩淵駅 歩15分
","
築45年
2階建
",1,6.0,,6.0,,1K,25.262,45.0,2,15.0
ＪＲ京浜東北線 赤羽駅 2階建 築45年,東京都北区志茂４,"
ＪＲ京浜東北線/赤羽駅 歩15分
東京メトロ南北線/志茂駅 歩5分
東京メトロ南北線/赤羽岩淵駅 歩15分
","
築45年
2階建
",2,6.0,,6.0,,1K,25.262,45.0,2,15.0
メゾンロゼ,東京都北区赤羽台４,"
ＪＲ京浜東北線/赤羽駅 歩13分
東京メトロ南北線/赤羽岩淵駅 歩12分
ＪＲ埼京線/北赤羽駅 歩10分
","
築39年
2階建
",1,6.0,1000.0,6.0,6.0,1DK,24.12,39.0,2,13.0
メゾンロゼ,東京都北区赤羽台４,"
ＪＲ京浜東北線/赤羽駅 歩13分
東京メトロ南北線/赤羽岩淵駅 歩12分
ＪＲ埼京線/北赤羽駅 歩10分
","
築39年
2階建
",1,5.9,1000.0,5.9,5.9,1DK,24.12,39.0,2,13.0
ＪＲ京浜東北線 赤羽駅 2階建 築37年,東京都北区赤羽西４,"
ＪＲ京浜東北線/赤羽駅 歩11分
都営三田線/本蓮沼駅 歩18分

","
築37年
2階建
",1,6.0,,6.0,,1K,232.0,37.0,2,11.0
きよいコーポ,東京都北区赤羽西４,"
ＪＲ京浜東北線/赤羽駅 歩10分
東京メトロ南北線/赤羽岩淵駅 歩17分
ＪＲ埼京線/十条駅 歩20分
","
築37年
2階建
",1,6.0,,6.0,,1K,22.312,37.0,2,10.0
フロ－ラルハイム岩渕,東京都北区岩淵町,"
東京メトロ南北線/赤羽岩淵駅 歩8分
東京メトロ南北線/志茂駅 歩12分
ＪＲ京浜東北線/赤羽駅 歩14分
","
築53年
2階建
",1,6.0,,,,1K,232.0,53.0,2,14.0
東京メトロ南北線 王子神谷駅 2階建 築8年,東京都足立区新田１,"
東京メトロ南北線/王子神谷駅 歩18分
ＪＲ京浜東北線/王子駅 バス14分 (バス停)新田1丁目 歩2分
ＪＲ京浜東北線/赤羽駅 バス14分 (バス停)新田1丁目 歩2分
","
築8年
2階建
",1,5.7,3000.0,,,1K,21.292,8.0,2,
東京メトロ南北線 王子神谷駅 2階建 築8年,東京都足立区新田１,"
東京メトロ南北線/王子神谷駅 歩18分
ＪＲ京浜東北線/王子駅 バス14分 (バス停)新田1丁目 歩2分
ＪＲ京浜東北線/赤羽駅 バス14分 (バス停)新田1丁目 歩2分
","
築8年
2階建
",2,5.9,3000.0,3.0,3.0,1K,21.292,8.0,2,
東京メトロ南北線 王子神谷駅 2階建 築8年,東京都足立区新田１,"
東京メトロ南北線/王子神谷駅 歩18分
ＪＲ京浜東北線/王子駅 バス14分 (バス停)新田1丁目 歩2分
ＪＲ京浜東北線/赤羽駅 バス14分 (バス停)新田1丁目 歩2分
","
築8年
2階建
",2,5.8,3000.0,3.0,3.0,1K,21.092,8.0,2,
ハウスステージマスヨシ,東京都北区神谷２,"
ＪＲ京浜東北線/東十条駅 歩7分
ＪＲ京浜東北線/赤羽駅 歩18分
東京メトロ南北線/王子神谷駅 歩12分
","
築33年
3階建
",3,6.0,,,,1K,212.0,33.0,3,18.0
ハウスステージマスヨシ,東京都北区神谷２,"
ＪＲ京浜東北線/東十条駅 歩7分
ＪＲ京浜東北線/赤羽駅 歩18分
東京メトロ南北線/王子神谷駅 歩12分
","
築33年
3階建
",3,6.3,,,,1K,212.0,33.0,3,18.0
アーバンセキザワ,東京都北区東十条４,"
ＪＲ京浜東北線/赤羽駅 歩19分
ＪＲ京浜東北線/東十条駅 歩3分
ＪＲ埼京線/十条駅 歩15分
","
築34年
4階建
",3,6.0,,6.0,6.0,ワンルーム,202.0,34.0,4,19.0
レオパレスｍｉｎｏ,埼玉県さいたま市南区大字円正寺,"
ＪＲ京浜東北線/南浦和駅 歩31分
ＪＲ武蔵野線/南浦和駅 歩31分
ＪＲ埼京線/赤羽駅 車32分(9.8km)
","
築20年
2階建
",2,5.5,5000.0,,,1K,19.872,20.0,2,
ドリームY,東京都北区神谷２,"
東京メトロ南北線/王子神谷駅 歩8分
ＪＲ京浜東北線/東十条駅 歩12分
ＪＲ京浜東北線/赤羽駅 歩22分
","
築27年
2階建
",1,5.8,2000.0,5.8,,1K,19.442,27.0,2,22.0
あずまアパート,東京都北区赤羽西４,"
ＪＲ埼京線/赤羽駅 歩12分
東京メトロ南北線/赤羽岩淵駅 歩19分
都営三田線/本蓮沼駅 歩20分
","
築52年
2階建
",1,5.37,6300.0,,,1K,192.0,52.0,2,12.0
サンライズ,東京都北区志茂３,"
東京メトロ南北線/志茂駅 歩3分
ＪＲ京浜東北線/赤羽駅 歩16分
東京メトロ南北線/赤羽岩淵駅 歩16分
","
築32年
3階建
",3,6.0,2000.0,,6.0,1K,162.0,32.0,3,16.0
サンライズ,東京都北区志茂３,"
東京メトロ南北線/志茂駅 歩3分
ＪＲ京浜東北線/赤羽駅 歩16分
東京メトロ南北線/赤羽岩淵駅 歩16分
","
築32年
3階建
",3,6.0,,,6.0,1K,162.0,32.0,3,16.0
東京メトロ南北線 志茂駅 3階建 築33年,東京都北区志茂３,"
東京メトロ南北線/志茂駅 歩3分
ＪＲ京浜東北線/赤羽駅 歩13分
東京メトロ南北線/赤羽岩淵駅 歩18分
","
築33年
3階建
",3,6.0,2000.0,6.0,,1K,15.842,33.0,3,13.0
東京メトロ南北線 志茂駅 3階建 築33年,東京都北区志茂３,"
東京メトロ南北線/志茂駅 歩3分
ＪＲ京浜東北線/赤羽駅 歩13分
東京メトロ南北線/赤羽岩淵駅 歩18分
","
築33年
3階建
",3,6.0,,6.0,,1K,182.0,33.0,3,13.0
ＪＲ京浜東北線 赤羽駅 4階建 築34年,東京都北区赤羽西２,"
ＪＲ京浜東北線/赤羽駅 歩3分
東京メトロ南北線/赤羽岩淵駅 歩14分
ＪＲ京浜東北線/東十条駅 歩15分
","
築34年
4階建
",4,6.0,,,,ワンルーム,16.672,34.0,4,3.0
ＪＲ宇都宮線 赤羽駅 2階建 築5年,東京都北区志茂５,"
ＪＲ宇都宮線/赤羽駅 歩13分
東京メトロ南北線/志茂駅 歩6分
東京メトロ南北線/赤羽岩淵駅 歩9分
","
築5年
2階建
",1,5.75,3500.0,,,ワンルーム,12.442,5.0,2,13.0
ＪＲ宇都宮線 赤羽駅 2階建 築5年,東京都北区志茂５,"
ＪＲ宇都宮線/赤羽駅 歩13分
東京メトロ南北線/志茂駅 歩6分
東京メトロ南北線/赤羽岩淵駅 歩9分
","
築5年
2階建
",1,5.75,4000.0,,,ワンルーム,12.442,5.0,2,13.0
ＪＲ宇都宮線 赤羽駅 2階建 築5年,東京都北区志茂５,"
ＪＲ宇都宮線/赤羽駅 歩13分
東京メトロ南北線/志茂駅 歩6分
東京メトロ南北線/赤羽岩淵駅 歩9分
","
築5年
2階建
",1,5.65,3500.0,,,ワンルーム,12.262,5.0,2,13.0
プランドルアムール志茂,東京都北区志茂５,"
ＪＲ宇都宮線/赤羽駅 歩13分
東京メトロ南北線/志茂駅 歩6分
東京メトロ南北線/赤羽岩淵駅 歩9分
","
築5年
2階建
",1,5.75,4000.0,,,ワンルーム,12.442,5.0,2,13.0
プランドルアムール志茂,東京都北区志茂５,"
ＪＲ宇都宮線/赤羽駅 歩13分
東京メトロ南北線/志茂駅 歩6分
東京メトロ南北線/赤羽岩淵駅 歩9分
","
築5年
2階建
",1,5.65,3500.0,,,ワンルーム,12.262,5.0,2,13.0
プランドルアムール志茂,東京都北区志茂５,"
ＪＲ宇都宮線/赤羽駅 歩13分
東京メトロ南北線/志茂駅 歩6分
東京メトロ南北線/赤羽岩淵駅 歩9分
","
築5年
2階建
",1,5.75,3500.0,,,ワンルーム,12.262,5.0,2,13.0
グラフティーマンション７,埼玉県川口市坂下町４,"
埼玉高速鉄道/鳩ヶ谷駅 歩5分
埼玉高速鉄道/南鳩ヶ谷駅 歩15分
ＪＲ京浜東北線/赤羽駅 バス20分 (バス停)鳩ケ谷庁舎 歩2分
","
築17年
3階建
",1,5.8,3000.0,,,1K,252.0,17.0,3,
グラフティーマンション７,埼玉県川口市坂下町４,"
埼玉高速鉄道/鳩ヶ谷駅 歩5分
埼玉高速鉄道/南鳩ヶ谷駅 歩15分
ＪＲ京浜東北線/赤羽駅 バス20分 (バス停)鳩ケ谷庁舎 歩2分
","
築17年
3階建
",2,6.5,3000.0,,,ワンルーム,302.0,17.0,3,
グリーンヒル,東京都北区赤羽台３,"
ＪＲ京浜東北線/赤羽駅 歩10分
東京メトロ南北線/赤羽岩淵駅 歩11分
ＪＲ埼京線/北赤羽駅 歩13分
","
築36年
2階建
",2,6.1,1000.0,,,1K,20.212,36.0,2,10.0
グリーンヒル,東京都北区赤羽台３,"
ＪＲ京浜東北線/赤羽駅 歩10分
東京メトロ南北線/赤羽岩淵駅 歩11分
ＪＲ埼京線/北赤羽駅 歩13分
","
築36年
2階建
",2,6.0,1000.0,,,1K,20.22,36.0,2,10.0
グリーンヒル,東京都北区赤羽台３,"
ＪＲ京浜東北線/赤羽駅 歩10分
東京メトロ南北線/赤羽岩淵駅 歩11分
ＪＲ埼京線/北赤羽駅 歩13分
","
築36年
2階建
",1,6.0,1000.0,,,1K,20.22,36.0,2,10.0
ＪＲ京浜東北線 赤羽駅 2階建 築26年,東京都北区志茂１,"
ＪＲ京浜東北線/赤羽駅 歩7分
東京メトロ南北線/志茂駅 歩7分
東京メトロ南北線/赤羽岩淵駅 歩15分
","
築26年
2階建
",1,6.1,,6.1,,ワンルーム,19.82,26.0,2,7.0
ＪＲ京浜東北線 赤羽駅 2階建 築26年,東京都北区志茂１,"
ＪＲ京浜東北線/赤羽駅 歩7分
東京メトロ南北線/志茂駅 歩7分
東京メトロ南北線/赤羽岩淵駅 歩15分
","
築26年
2階建
",2,6.5,1000.0,6.5,,ワンルーム,20.52,26.0,2,7.0
ＪＲ京浜東北線 赤羽駅 2階建 築26年,東京都北区志茂１,"
ＪＲ京浜東北線/赤羽駅 歩7分
東京メトロ南北線/志茂駅 歩7分
東京メトロ南北線/赤羽岩淵駅 歩15分
","
築26年
2階建
",2,6.5,2000.0,6.5,,1K,19.82,26.0,2,7.0
レオパレスパタータII,埼玉県さいたま市南区文蔵５,"
ＪＲ京浜東北線/南浦和駅 バス8分 (バス停)文蔵小学校 歩5分
ＪＲ京浜東北線/南浦和駅 歩24分
ＪＲ埼京線/赤羽駅 車32分(9.7km)
","
築15年
3階建
",3,5.4,7000.0,,,1K,19.872,15.0,3,
レオパレスパタータII,埼玉県さいたま市南区文蔵５,"
ＪＲ京浜東北線/南浦和駅 バス8分 (バス停)文蔵小学校 歩5分
ＪＲ京浜東北線/南浦和駅 歩24分
ＪＲ埼京線/赤羽駅 車32分(9.7km)
","
築15年
3階建
",3,5.6,7000.0,,,1K,19.872,15.0,3,
都営三田線 志村坂上駅 4階建 築5年,東京都板橋区小豆沢４,"
都営三田線/志村坂上駅 歩10分
ＪＲ埼京線/北赤羽駅 歩13分
ＪＲ京浜東北線/赤羽駅 バス12分 (バス停)小豆沢通り 歩1分
","
築5年
4階建
",1,5.6,5000.0,,,ワンルーム,15.892,5.0,4,
OvestII,東京都板橋区小豆沢４,"
都営三田線/志村坂上駅 歩12分
ＪＲ埼京線/北赤羽駅 歩13分
ＪＲ京浜東北線/赤羽駅 バス12分 (バス停)小豆沢通り 歩1分
","
築5年
4階建
",1,5.6,5000.0,,,ワンルーム,16.282,5.0,4,
ＪＲ京浜東北線 赤羽駅 4階建 築36年,東京都北区東十条６,"
ＪＲ京浜東北線/赤羽駅 歩10分
ＪＲ京浜東北線/東十条駅 歩13分
東京メトロ南北線/志茂駅 歩15分
","
築36年
4階建
",1,6.0,2000.0,6.0,,ワンルーム,18.52,36.0,4,10.0
ＪＲ京浜東北線 赤羽駅 4階建 築36年,東京都北区東十条６,"
ＪＲ京浜東北線/赤羽駅 歩10分
ＪＲ京浜東北線/東十条駅 歩13分
東京メトロ南北線/志茂駅 歩15分
","
築36年
4階建
",4,9.3,3000.0,9.3,,2DK,39.542,36.0,4,10.0
ＪＲ京浜東北線 赤羽駅 4階建 築36年,東京都北区東十条６,"
ＪＲ京浜東北線/赤羽駅 歩10分
ＪＲ京浜東北線/東十条駅 歩13分
東京メトロ南北線/志茂駅 歩15分
","
築36年
4階建
",2,9.3,3000.0,9.3,,2DK,39.542,36.0,4,10.0
シャトー志茂,東京都北区志茂１,"
ＪＲ京浜東北線/赤羽駅 歩10分
東京メトロ南北線/志茂駅 歩3分
東京メトロ南北線/赤羽岩淵駅 歩15分
","
築35年
3階建
",2,6.2,,6.2,,ワンルーム,18.32,35.0,3,10.0
ＪＲ京浜東北線 赤羽駅 2階建 築32年,東京都北区赤羽西４,"
ＪＲ京浜東北線/赤羽駅 歩14分
東京メトロ南北線/赤羽岩淵駅 歩20分
都営三田線/本蓮沼駅 歩19分
","
築32年
2階建
",2,6.2,,6.2,6.2,ワンルーム,16.912,32.0,2,14.0
グランコート鳩ヶ谷,埼玉県川口市坂下町３,"
埼玉高速鉄道/鳩ヶ谷駅 歩6分
ＪＲ京浜東北線/赤羽駅 バス25分 (バス停)鳩ヶ谷庁舎 歩2分
埼玉高速鉄道/南鳩ヶ谷駅 歩15分
","
築6年
2階建
",2,5.9,3000.0,,,1K,22.412,6.0,2,
ガーデンプランツ,東京都北区西が丘１,"
ＪＲ埼京線/赤羽駅 歩17分
都営三田線/本蓮沼駅 歩16分
ＪＲ京浜東北線/東十条駅 歩18分
","
築22年
2階建
",2,6.1,1000.0,6.1,,1K,21.422,22.0,2,17.0
ガーデンプランツ,東京都北区西が丘１,"
ＪＲ埼京線/赤羽駅 歩17分
都営三田線/本蓮沼駅 歩16分
ＪＲ京浜東北線/東十条駅 歩18分
","
築22年
2階建
",2,6.2,1000.0,6.2,6.2,1K,21.422,22.0,2,17.0
プリマルーチェ,東京都北区志茂３,"
東京メトロ南北線/志茂駅 歩3分
東京メトロ南北線/赤羽岩淵駅 歩16分
ＪＲ京浜東北線/赤羽駅 歩17分
","
築7年
2階建
",2,5.8,4000.0,,,ワンルーム,12.722,7.0,2,17.0
東京メトロ南北線 志茂駅 2階建 築7年,東京都北区志茂３,"
東京メトロ南北線/志茂駅 歩3分
東京メトロ南北線/赤羽岩淵駅 歩16分
ＪＲ京浜東北線/赤羽駅 歩17分
","
築7年
2階建
",2,5.8,4000.0,,5.8,ワンルーム,12.722,7.0,2,17.0
コーポラス志茂,東京都北区志茂５,"
ＪＲ京浜東北線/赤羽駅 歩16分
東京メトロ南北線/志茂駅 歩8分
東京メトロ南北線/赤羽岩淵駅 歩12分
","
築39年
3階建
",3,6.3,3000.0,,,1K,19.262,39.0,3,16.0
コーポラス志茂,東京都北区志茂５,"
ＪＲ京浜東北線/赤羽駅 歩16分
東京メトロ南北線/志茂駅 歩8分
東京メトロ南北線/赤羽岩淵駅 歩12分
","
築39年
3階建
",1,6.0,3000.0,,,1K,21.92,39.0,3,16.0
コーポラス志茂,東京都北区志茂５,"
ＪＲ京浜東北線/赤羽駅 歩16分
東京メトロ南北線/志茂駅 歩8分
東京メトロ南北線/赤羽岩淵駅 歩12分
","
築39年
3階建
",3,6.3,3000.0,,,1K,19.262,39.0,3,16.0
グランドメゾン富田,東京都北区志茂３,"
東京メトロ南北線/志茂駅 歩4分
ＪＲ京浜東北線/赤羽駅 歩17分
東京メトロ南北線/赤羽岩淵駅 歩17分
","
築33年
3階建
",1,6.0,3000.0,,,1K,202.0,33.0,3,17.0
ＪＲ埼京線 十条駅 3階建 築28年,東京都北区十条仲原２,"
ＪＲ埼京線/十条駅 歩6分
ＪＲ京浜東北線/東十条駅 歩10分
ＪＲ京浜東北線/赤羽駅 歩23分
","
築28年
3階建
",2,6.0,3000.0,6.0,,1K,20.542,28.0,3,23.0
レオパレスドエル・コマ・西浦和,埼玉県さいたま市南区曲本１,"
ＪＲ武蔵野線/西浦和駅 歩12分
ＪＲ埼京線/武蔵浦和駅 歩24分
ＪＲ埼京線/赤羽駅 車34分(12.9km)
","
築20年
3階建
",3,5.6,7000.0,,5.6,1K,19.872,20.0,3,
レオパレスドエル・コマ・西浦和,埼玉県さいたま市南区曲本１,"
ＪＲ武蔵野線/西浦和駅 歩12分
ＪＲ埼京線/武蔵浦和駅 歩24分
ＪＲ埼京線/赤羽駅 車34分(12.9km)
","
築20年
3階建
",2,5.6,7000.0,,,1K,19.872,20.0,3,
シエスタヴィラ 本蓮沼i,東京都板橋区蓮沼町,"
都営三田線/本蓮沼駅 歩5分
ＪＲ京浜東北線/赤羽駅 バス9分 (バス停)国立西が丘競技場北門 歩7分
都営三田線/志村坂上駅 歩15分
","
築6年
3階建
",2,6.0,3000.0,,,ワンルーム,11.182,6.0,3,
シエスタヴィラ 本蓮沼i,東京都板橋区蓮沼町,"
都営三田線/本蓮沼駅 歩5分
ＪＲ京浜東北線/赤羽駅 バス9分 (バス停)国立西が丘競技場北門 歩7分
都営三田線/志村坂上駅 歩15分
","
築6年
3階建
",2,6.9,4000.0,,,ワンルーム,14.352,6.0,3,
都営三田線 本蓮沼駅 2階建 築6年,東京都板橋区蓮沼町,"
都営三田線/本蓮沼駅 歩9分
ＪＲ埼京線/北赤羽駅 歩21分
ＪＲ京浜東北線/赤羽駅 歩24分
","
築6年
2階建
",2,5.95,4000.0,,5.95,ワンルーム,15.12,6.0,2,24.0
ＪＲ京浜東北線 赤羽駅 2階建 築6年,東京都北区志茂１,"
ＪＲ京浜東北線/赤羽駅 歩8分
東京メトロ南北線/志茂駅 歩10分
東京メトロ南北線/赤羽岩淵駅 歩17分
","
築6年
2階建
",1,5.95,4000.0,,5.95,ワンルーム,13.532,6.0,2,8.0
Logue (ローグ),東京都北区志茂１,"
ＪＲ京浜東北線/赤羽駅 歩10分
東京メトロ南北線/志茂駅 歩9分
ＪＲ京浜東北線/東十条駅 歩23分
","
築6年
2階建
",1,5.95,4000.0,,5.95,ワンルーム,13.532,6.0,2,10.0
ハイム鳳,埼玉県川口市領家１,"
埼玉高速鉄道/川口元郷駅 歩17分
埼玉高速鉄道/南鳩ヶ谷駅 歩35分
ＪＲ京浜東北線/赤羽駅 歩46分
","
築34年
2階建
",2,6.2,2000.0,,,2K,37.32,34.0,2,46.0
サヴォイ赤羽,東京都北区赤羽西２,"
ＪＲ京浜東北線/赤羽駅 歩10分
都営三田線/本蓮沼駅 歩18分
東京メトロ南北線/赤羽岩淵駅 歩20分
","
築7年
2階建
",1,6.0,4000.0,,6.0,ワンルーム,12.392,7.0,2,10.0
サヴォイ赤羽,東京都北区赤羽西２,"
ＪＲ京浜東北線/赤羽駅 歩10分
都営三田線/本蓮沼駅 歩18分
東京メトロ南北線/赤羽岩淵駅 歩20分
","
築7年
2階建
",2,6.1,4000.0,,6.1,ワンルーム,12.392,7.0,2,10.0
Ｓｔａｇｅ　神谷,東京都北区神谷２,"
ＪＲ京浜東北線/赤羽駅 歩11分
東京メトロ南北線/志茂駅 歩14分
ＪＲ京浜東北線/東十条駅 歩17分
","
築7年
2階建
",2,6.1,4000.0,,,ワンルーム,11.412,7.0,2,11.0
Ｓｔａｇｅ　神谷,東京都北区神谷２,"
ＪＲ京浜東北線/赤羽駅 歩11分
東京メトロ南北線/志茂駅 歩14分
ＪＲ京浜東北線/東十条駅 歩17分
","
築7年
2階建
",2,6.1,3500.0,,6.1,ワンルーム,11.412,7.0,2,11.0
ＪＲ京浜東北線 赤羽駅 2階建 築6年,東京都北区志茂２,"
ＪＲ京浜東北線/赤羽駅 歩8分
東京メトロ南北線/志茂駅 歩9分
東京メトロ南北線/赤羽岩淵駅 歩10分
","
築6年
2階建
",2,6.15,3500.0,,6.15,ワンルーム,11.142,6.0,2,8.0
ＪＲ京浜東北線 赤羽駅 2階建 築6年,東京都北区志茂２,"
ＪＲ京浜東北線/赤羽駅 歩8分
東京メトロ南北線/志茂駅 歩9分
東京メトロ南北線/赤羽岩淵駅 歩10分
","
築6年
2階建
",2,6.15,4000.0,,6.15,ワンルーム,11.142,6.0,2,8.0
ＪＲ京浜東北線 赤羽駅 2階建 築6年,東京都北区志茂２,"
ＪＲ京浜東北線/赤羽駅 歩8分
東京メトロ南北線/志茂駅 歩9分
東京メトロ南北線/赤羽岩淵駅 歩10分
","
築6年
2階建
",1,6.05,4000.0,,6.05,ワンルーム,10.22,6.0,2,8.0
イクステンド小山,東京都足立区鹿浜３,"
日暮里・舎人ライナー/西新井大師西駅 歩24分
東武伊勢崎線/西新井駅 バス17分 (バス停)鹿浜三丁目 歩5分
湘南新宿ライン高海/赤羽駅 バス12分 (バス停)鹿浜三丁目 歩6分
","
築38年
2階建
",2,6.2,3000.0,6.2,,2DK,40.22,38.0,2,
東京メトロ南北線 志茂駅 2階建 築32年,東京都北区志茂５,"
東京メトロ南北線/志茂駅 歩7分
東京メトロ南北線/赤羽岩淵駅 歩8分
ＪＲ京浜東北線/赤羽駅 歩14分
","
築32年
2階建
",1,6.3,2000.0,6.3,6.3,1DK,26.082,32.0,2,14.0
埼玉高速鉄道 川口元郷駅 2階建 築15年,埼玉県川口市元郷１,"
埼玉高速鉄道/川口元郷駅 歩7分
ＪＲ京浜東北線/川口駅 歩20分
ＪＲ埼京線/赤羽駅 歩40分
","
築15年
2階建
",1,6.2,3000.0,6.2,6.2,1K,252.0,15.0,2,40.0
メゾンdeアマン古山,東京都北区志茂１,"
ＪＲ京浜東北線/赤羽駅 歩8分
東京メトロ南北線/志茂駅 歩8分
東京メトロ南北線/赤羽岩淵駅 歩13分
","
築35年
3階建
",3,6.5,,6.5,,1DK,252.0,35.0,3,8.0
クリスタル葵,東京都北区志茂４,"
ＪＲ京浜東北線/赤羽駅 歩12分
東京メトロ南北線/志茂駅 歩7分
東京メトロ南北線/赤羽岩淵駅 歩12分
","
築33年
3階建
",1,6.5,,,,1K,24.452,33.0,3,12.0
